venue_id,pricing_model,label,price,currency,tier_audience,days,time_start,time_end,duration_minutes,group_size_min,group_size_max,venue_confidence,notes,source_quote,data_quality_notes
ph-abra-high-school-gym-bangued,session_per_player,Open Play · Walk-in,50,PHP,walk_in,mon|wed|fri,17:00,19:30,,,,high,2 Indoor Courts,"Abra High School Gym Natividad St. Bangued Abra Bangued 2 Indoor Courts MWF, 5p-7:30p p50/player June Vinuan","All data sourced from the Philippine Pickleball Federation PDF (Sept 1, 2025). Pickleheads.com was blocked. Schedule is MWF 5p–7:30p at ₱50/player; no other tiers mentioned. Tuesday/Thursday/Saturday/Sunday hours are not listed."
ph-activate-sports-ph-one-ayala-makati,court_hour,Standard Rate,1100,PHP,,,10:00,21:00,60,,,medium,Listed on Venyu.ph as 'Regular Hours' rate; venue is marked Unverified on Venyu,Standard Rate ₱1100/hour · Regular Hours · 10:00 AM – 9:00 PM,"Single rate of ₱1100/hour sourced from Venyu.ph, which marks this listing as ""Unverified""; no peak/off-peak or member/non-member tiers are shown. Operating hours (10 AM–9 PM) are stated on Venyu but no day-of-week breakdown is given, so the same hours are assumed daily. Facebook and Instagram sources yielded no additional pricing detail."
ph-albay-pickleball-club-emmalene-iimuro-tennis-club-legazpi-city,session_per_player,Open Play · Per Player (Saturday session),100,PHP,walk_in,sat,15:00,16:00,60,,,low,Single historical meet on Reclub (Mar 14); this meet has ended. Currency shown as '$100.00' on Reclub but assumed PHP given Philippine venue context.,Per Player $100.00,Pricing is derived from a single ended Reclub meet listing showing '$100.00 per player' — currency displayed as '$' but assumed PHP given Philippine venue; no other pricing or confirmed recurring hours are available. Facebook and group pages were login-gated with no further rate details visible. Operating hours are entirely unconfirmed beyond this one historical session slot.
ph-athlete-central-cainta,court_hour,Pickleball Court,500,PHP,,,,,60,,,high,Standard pickleball court rental,Pickleball 60 min ... ₱500.00,"Prices are clearly listed on the booking.page source with explicit amounts and 60-min durations. The legacy notes mention ₱200–₱250/player open-play sessions but no such rate appears in any verifiable source text, so it was excluded. KTV pricing (₱1,500/hr) was omitted as it is not pickleball-related."
ph-athlete-central-cainta,court_hour,Pickleball Pro Court (USAPA Hard Floor),600,PHP,,,,,60,,,high,Tournament-grade USAPA hard floor surface; exceptional ball bounce and consistent speed,Pickleball Pro Court (Hard Floor) ... ₱600.00 ... Enjoy a true tournament-grade playing surface built to official USAPA standards.,"Prices are clearly listed on the booking.page source with explicit amounts and 60-min durations. The legacy notes mention ₱200–₱250/player open-play sessions but no such rate appears in any verifiable source text, so it was excluded. KTV pricing (₱1,500/hr) was omitted as it is not pickleball-related."
ph-athlete-central-cainta,court_hour,Family Court (Pickleball or Badminton),750,PHP,,,,,60,,,high,Extra-wide court suitable for families and groups; can be used for Pickleball or Badminton,"Family Court – Best for Families & Groups 60 min ... ₱750.00 ... Enjoy extra space for the whole family or friends, perfect for Pickleball or Badminton.","Prices are clearly listed on the booking.page source with explicit amounts and 60-min durations. The legacy notes mention ₱200–₱250/player open-play sessions but no such rate appears in any verifiable source text, so it was excluded. KTV pricing (₱1,500/hr) was omitted as it is not pickleball-related."
ph-athlete-central-ph-cainta,session_per_player,Tickle my Pickle · Back of House (Beginner Open Play),200,PHP,walk_in,tue,21:00,01:00,240,,22,medium,"Night owl beginner-friendly open play, Courts #5 & 6. Max 22 pax. GCash payment first to confirm: +639282378306 (D.K.Z.S). This was a specific dated event (Mar 10); recurrence not confirmed.",Price: 200/person … Time: 9 PM to 1 AM … PAX: Max of 22 only,"The ₱200/player rate is directly confirmed via a verbatim Reclub event listing (Tickle my Pickle, Mar 10 9PM–1AM). The ₱300/player Pro Court rate (Billy Arceo, 7–11PM) comes solely from the legacy normaliser notes with no live source page available to verify; all booking URLs and the Reclub club page returned 404/not-found errors. The 24/7 hours are confirmed by both the Facebook page (""Always open"") and the venue website title (""Athlete Central Cainta 24/7"")."
ph-athlete-central-ph-cainta,session_per_player,Pro Court Open Play · Billy Arceo,300,PHP,walk_in,,19:00,23:00,240,,,medium,Rate sourced from legacy normaliser notes only — no live source page confirmed. Court label 'Pro Court'. GCash: 09771773535 (Wella De Leon).,PHP 300/player (Pro Court 7-11PM via Billy Arceo),"The ₱200/player rate is directly confirmed via a verbatim Reclub event listing (Tickle my Pickle, Mar 10 9PM–1AM). The ₱300/player Pro Court rate (Billy Arceo, 7–11PM) comes solely from the legacy normaliser notes with no live source page available to verify; all booking URLs and the Reclub club page returned 404/not-found errors. The 24/7 hours are confirmed by both the Facebook page (""Always open"") and the venue website title (""Athlete Central Cainta 24/7"")."
ph-bacnotan-pickleball-club-first-ever-pb-court-in-bacnotan,session_per_player,Open Play · Per Player,150,PHP,walk_in,,18:00,22:00,,,,high,Daily 6PM–10PM open play schedule. Honesty Court — payment via GCash 0917 188 3164.,"Open Play Schedule: • Daily, 6 PM – 10 PM • ₱150 per player","All pricing tiers are verbatim from the Reclub listing. The ""$150.00"" display on Reclub is a currency symbol rendering artifact — clearly ₱150 PHP given the peso signs used throughout the body text. Hours confirmed as 24/7 by both Facebook (""Always open"", ""Open 24/7"") and allpickleballcourts.com (00:00–00:00 all days). ""Succeeding hours ₱200/hr"" is ambiguous as to whether it applies only to open play overruns or also to court rentals — noted in the row."
ph-bacnotan-pickleball-club-first-ever-pb-court-in-bacnotan,court_hour,Court Rental · Below 4 Players,200,PHP,walk_in,,,,60,1,3,high,Court reservation rate for small groups. Payment via GCash 0917 188 3164.,Court Reservation Rates: • ₱200/hour for groups below 4 players,"All pricing tiers are verbatim from the Reclub listing. The ""$150.00"" display on Reclub is a currency symbol rendering artifact — clearly ₱150 PHP given the peso signs used throughout the body text. Hours confirmed as 24/7 by both Facebook (""Always open"", ""Open 24/7"") and allpickleballcourts.com (00:00–00:00 all days). ""Succeeding hours ₱200/hr"" is ambiguous as to whether it applies only to open play overruns or also to court rentals — noted in the row."
ph-bacnotan-pickleball-club-first-ever-pb-court-in-bacnotan,session_per_player,Court Rental · 4+ Players (Per Head),50,PHP,walk_in,,,,60,4,,high,Per-head rate when group is 4 or more players. Payment via GCash 0917 188 3164.,Court Reservation Rates: • ₱50/head for groups 4 players and above,"All pricing tiers are verbatim from the Reclub listing. The ""$150.00"" display on Reclub is a currency symbol rendering artifact — clearly ₱150 PHP given the peso signs used throughout the body text. Hours confirmed as 24/7 by both Facebook (""Always open"", ""Open 24/7"") and allpickleballcourts.com (00:00–00:00 all days). ""Succeeding hours ₱200/hr"" is ambiguous as to whether it applies only to open play overruns or also to court rentals — noted in the row."
ph-bacnotan-pickleball-club-first-ever-pb-court-in-bacnotan,court_hour,Succeeding Hours,200,PHP,walk_in,,,,60,,,high,Rate for hours beyond the open play session block.,Succeeding hours: ₱200/hour,"All pricing tiers are verbatim from the Reclub listing. The ""$150.00"" display on Reclub is a currency symbol rendering artifact — clearly ₱150 PHP given the peso signs used throughout the body text. Hours confirmed as 24/7 by both Facebook (""Always open"", ""Open 24/7"") and allpickleballcourts.com (00:00–00:00 all days). ""Succeeding hours ₱200/hr"" is ambiguous as to whether it applies only to open play overruns or also to court rentals — noted in the row."
ph-banay-banay-pickleball-lipa,session_per_player,Open Play Session (6 hrs),250,PHP,,wed|fri|sat,16:00,22:00,360,,,medium,Session is 4PM–10PM (6 hours) based on Reclub activity listings; price sourced from Facebook post.,6 HOURS OF OPEN PLAY for ONLY ₱250!,"Price of ₱250 comes from a truncated Facebook post snippet (""6 HOURS OF OPEN PLAY for ONLY ₱250! … See more"") and could not be fully verified; the full post was behind a login wall. Operating days/hours are inferred only from the three upcoming Reclub activities visible (Wed, Fri, Sat 4PM–10PM); other days may also have sessions but are not confirmed."
ph-blue-ridge-pickleball-club-quezon-city,session_per_player,Wednesday Open Play (8AM-12NN),150,PHP,,wed,08:00,12:00,240,,,high,"Recurring every Wednesday, hosted by Blue Ridge Pickleball Club at Blue Ridge B Multi-Purpose Gym",Open Play 8am to 12 noon ... Per Player $150.00,Reclub lists a recurring Wednesday 8AM-12NN open play at ₱150/player. Currency shown as $ but contextually PHP. No other days/rates published; FB group is private.
ph-bravo-pickleball-vista-mall-bataan-balanga,court_hour,Ball machine / drill machine rental,600,PHP,,,,,60,,,low,"Rate is for the drill/ball machine rental only, not court rental. Court rental rates not published.",you can rent our ball machine for only P600/hr,"No court rental or open play session rates are published on any available source; the only numeric price found is the ball machine rental at ₱600/hr from a Facebook post. Reclub and Facebook both direct inquiries to the admin (0956-713-7167 / 0917-853-7787). Hours are described only as ""mall hours"" with no specific open/close times. Legacy hint of ₱150–200 range could not be verified from any source."
ph-camp-ola-pickleball-courts-legazpi-legazpi-city,free,Free public courts,0,PHP,walk_in,,,,,,,low,Permanent lines and portable nets available; inside secured camp environment.,Free public courts per Pickleheads.,"All source URLs failed to fetch, including the Pickleheads page (blocked by Cloudflare). The only usable signal is the legacy normaliser note stating ""Free public courts per Pickleheads."" No operating hours were recoverable from any source."
ph-ccf-center-pickleball-pasig,session_per_player,Open Play · Walk-in,200,PHP,walk_in,fri,18:30,21:30,180,,,high,"6 courts total: 4 open play, 2 coaching. Contact: Kenneth Ti 0917-808-3809","CCF Center 7/F, CCF Gym, Ortigas Ave cor C5 Pasig NCR 6 4 open play, 2 coaching Fri, 630p-930p p200/player Kenneth Ti","Schedule and price come from a clear verbatim entry in the Philippine Pickleball Federation directory (Sept 1, 2025). Only Friday hours are confirmed; no other days listed. Facebook page confirms venue location but shows login wall with no additional pricing or schedule detail."
ph-corinthian-gardens-pickleball-club-quezon-city,session_per_player,Friday DUPR Night · Walk-in / Non-resident,250,PHP,walk_in,fri,18:00,22:00,240,,27,medium,4-hour DUPR rated open play session. Max 27 players. Payment via GCash or BDO to Jason Bangayan required to confirm slot. Cut-off Friday 4PM. No cancellation/refund from Thursday onwards.,Fee: P250,"Only one confirmed session (Friday DUPR Night) is available from the Reclub source; operating hours for other days are unknown. The Reclub UI displayed ""$250.00"" but the body text clearly states ""Fee: P250"" in PHP, so PHP is used. Legacy hints citing ₱170–220 from Pickleball.ph are likely outdated; the current Reclub rate of ₱250 (non-resident) / ₱180 (resident) is used as the authoritative figure. Pickleheads was blocked and provided no usable data."
ph-corinthian-gardens-pickleball-club-quezon-city,session_per_player,Friday DUPR Night · Corinthian Gardens Resident,180,PHP,homeowner,fri,18:00,22:00,240,,27,medium,Discounted rate for Corinthian Gardens residents. Same 4-hour DUPR session. Payment required to confirm slot.,Residents pay only P180,"Only one confirmed session (Friday DUPR Night) is available from the Reclub source; operating hours for other days are unknown. The Reclub UI displayed ""$250.00"" but the body text clearly states ""Fee: P250"" in PHP, so PHP is used. Legacy hints citing ₱170–220 from Pickleball.ph are likely outdated; the current Reclub rate of ₱250 (non-resident) / ₱180 (resident) is used as the authoritative figure. Pickleheads was blocked and provided no usable data."
ph-courtside-amore-daet,session_per_player,Open Play Night · Walk-in / General,250,PHP,walk_in,sat,15:00,23:00,480,,,low,Admission fee covers court play plus snacks and drinks for the night. Walk-ins accepted only when slots open up; charged the same fee regardless of arrival time. This was the inaugural open play event; regular pricing may differ.,"Per Player $250.00 … The admission fee for this session covers both your court play, and snacks and drinks for the night.","The only recoverable price (₱250/player) comes from a single inaugural event listing on Reclub, displayed as ""$250.00"" — a known Reclub PHP-display quirk; treated as PHP 250. Facebook and Instagram direct visitors to DM for rates, so no regular/recurring pricing is publicly available. Hours are inferred solely from this one event; standing schedule is unknown."
ph-dink-and-shot-marikina,session_per_player,Open Play · Per Player (Impact Open Play),200,PHP,,sat,15:00,18:00,180,,,high,Court fee per head for organised open play session; paid via Gcash. Entrance pass of ₱100 required on top.,court fee is only P200 per head which can be paid to Gcash number 09163180208,"Hours are verbatim from the venue website. Pricing is from a single Reclub Impact Open Play listing (May 3, 2025): ₱200/player court fee + ₱100 venue entrance pass. The venue's own booking site (booking.page) returned 404, so general court rental rates are not directly published; the legacy PDF ₱250/player rate could not be verified from accessible sources and is not included."
ph-dink-and-shot-marikina,entry_fee,Venue entrance pass,100,PHP,,,,,,,,high,Required per player; allows arrival 1 hour before and stay 1 hour after court reservation. Purchased via dinkandshot.com booking.,The venue also requires each player to purchase an entrance pass of P100 which allows you to arrive 1 hour before the court reservation and 1 hour after.,"Hours are verbatim from the venue website. Pricing is from a single Reclub Impact Open Play listing (May 3, 2025): ₱200/player court fee + ₱100 venue entrance pass. The venue's own booking site (booking.page) returned 404, so general court rental rates are not directly published; the legacy PDF ₱250/player rate could not be verified from accessible sources and is not included."
ph-dona-juana-subdivision-pickleball-pasig,unknown,DJS Basketball Court — open play (cost TBD),,PHP,,wed|sat,,,,,,low,Schedule: Wed & Sat 8a-12n; Sat also 7:30p-10:30p. Cost listed as 'tbd' in PPF directory. Separate PAPA-DJS session on Sat 2p-5p listed as 'Shared'.,"DJS Basketball Court Doña Juana Subd, C Reymundo Ave, Rosario Pasig NCR 3 Covered Wed, Sat, 8a-12n, Sat, 730-1030p tbd Bianca Cordova 0908-293-7155","Cost is explicitly listed as ""tbd"" in the September 2025 PPF directory; no amount is recoverable from any source. The Reclub page redirected through a Facebook external-link warning and yielded no pricing content. Hours are inferred from the PPF schedule column only."
ph-dragonsmash-taguig,court_hour,Court rental,350,PHP,,,,,60,,,medium,Indoor wood and acrylic courts; portable nets available. Booking required via website.,350 per hour,"Hours confirmed verbatim from venue website (""open daily, with court hours from 7:00 AM to 12 Midnight""). Price of ₱350/hour sourced from Pickleheads listing only — no rate breakdown (peak/off-peak, member/non-member) was available from any source. Facebook page was inaccessible."
ph-fairview-terraces-pickleball-quezon-city,session_per_player,Open Play · BYO Paddle,100,PHP,walk_in,mon|tue|wed|thu|fri|sat|sun,17:00,21:00,,,,medium,Bring your own paddle,PHP 100/head – bring your own paddle,"Pricing is read from a promotional image in the Facebook post (June 27, 2025); text is legible but image-sourced. The July free-play promo is time-limited and may no longer apply. Paddle rental (PHP 50/hour) is listed on the image but applies as an add-on, not a standalone session price, so it is captured in notes only. Hours derived by combining the two schedule windows (court rental 10AM–5PM + open play 5PM–9PM = 10AM–9PM daily); mall hours for Fri–Sun are 10AM–10PM but pickleball close is stated as 9PM."
ph-fairview-terraces-pickleball-quezon-city,session_per_player,Open Play · Paddle Provided,150,PHP,walk_in,mon|tue|wed|thu|fri|sat|sun,17:00,21:00,,,,medium,Paddle provided by venue,PHP 150/head – paddle provided,"Pricing is read from a promotional image in the Facebook post (June 27, 2025); text is legible but image-sourced. The July free-play promo is time-limited and may no longer apply. Paddle rental (PHP 50/hour) is listed on the image but applies as an add-on, not a standalone session price, so it is captured in notes only. Hours derived by combining the two schedule windows (court rental 10AM–5PM + open play 5PM–9PM = 10AM–9PM daily); mall hours for Fri–Sun are 10AM–10PM but pickleball close is stated as 9PM."
ph-fairview-terraces-pickleball-quezon-city,court_hour,Court Rental · 2 Players,250,PHP,walk_in,mon|tue|wed|thu|fri|sat|sun,10:00,17:00,60,2,2,medium,Rate is per court per hour for 2 players,2 players – PHP 250,"Pricing is read from a promotional image in the Facebook post (June 27, 2025); text is legible but image-sourced. The July free-play promo is time-limited and may no longer apply. Paddle rental (PHP 50/hour) is listed on the image but applies as an add-on, not a standalone session price, so it is captured in notes only. Hours derived by combining the two schedule windows (court rental 10AM–5PM + open play 5PM–9PM = 10AM–9PM daily); mall hours for Fri–Sun are 10AM–10PM but pickleball close is stated as 9PM."
ph-fairview-terraces-pickleball-quezon-city,court_hour,Court Rental · 3 Players,300,PHP,walk_in,mon|tue|wed|thu|fri|sat|sun,10:00,17:00,60,3,3,medium,Rate is per court per hour for 3 players,3 players – PHP 300,"Pricing is read from a promotional image in the Facebook post (June 27, 2025); text is legible but image-sourced. The July free-play promo is time-limited and may no longer apply. Paddle rental (PHP 50/hour) is listed on the image but applies as an add-on, not a standalone session price, so it is captured in notes only. Hours derived by combining the two schedule windows (court rental 10AM–5PM + open play 5PM–9PM = 10AM–9PM daily); mall hours for Fri–Sun are 10AM–10PM but pickleball close is stated as 9PM."
ph-fairview-terraces-pickleball-quezon-city,court_hour,Court Rental · 4 Players,350,PHP,walk_in,mon|tue|wed|thu|fri|sat|sun,10:00,17:00,60,4,4,medium,Rate is per court per hour for 4 players,4 players – PHP 350,"Pricing is read from a promotional image in the Facebook post (June 27, 2025); text is legible but image-sourced. The July free-play promo is time-limited and may no longer apply. Paddle rental (PHP 50/hour) is listed on the image but applies as an add-on, not a standalone session price, so it is captured in notes only. Hours derived by combining the two schedule windows (court rental 10AM–5PM + open play 5PM–9PM = 10AM–9PM daily); mall hours for Fri–Sun are 10AM–10PM but pickleball close is stated as 9PM."
ph-fairview-terraces-pickleball-quezon-city,free,Free Open Court & Court Rentals via Reclub (July promo),0,PHP,,,,,,,,medium,Promotional offer for the whole month of July only; register via Reclub,Register via Reclub for FREE open court and court rentals for the whole month of July,"Pricing is read from a promotional image in the Facebook post (June 27, 2025); text is legible but image-sourced. The July free-play promo is time-limited and may no longer apply. Paddle rental (PHP 50/hour) is listed on the image but applies as an add-on, not a standalone session price, so it is captured in notes only. Hours derived by combining the two schedule windows (court rental 10AM–5PM + open play 5PM–9PM = 10AM–9PM daily); mall hours for Fri–Sun are 10AM–10PM but pickleball close is stated as 9PM."
ph-filinvest-east-homes-pickleball-courts-cainta,session_per_player,Open play (lower tier),120,PHP,,mon|wed|fri|sat,,,,,,medium,Two-tier pricing ₱120/₱200 per player; tier audience not specified on source (likely resident vs guest),"Filinvest East Homes Pickleball Courts ... MWFSa, 6:30a-8:30a; 4p-9p p120/200",PPF PDF lists two prices (₱120/₱200) without explicit member/guest labels. Encoded as two session_per_player tiers with audience blank; legacy hint suggests resident vs guest. Hours shown as two windows on MWF/Sat — represented with open/close spanning both windows and the split noted.
ph-filinvest-east-homes-pickleball-courts-cainta,session_per_player,Open play (higher tier),200,PHP,,mon|wed|fri|sat,,,,,,medium,Two-tier pricing ₱120/₱200 per player; tier audience not specified on source (likely resident vs guest),"Filinvest East Homes Pickleball Courts ... MWFSa, 6:30a-8:30a; 4p-9p p120/200",PPF PDF lists two prices (₱120/₱200) without explicit member/guest labels. Encoded as two session_per_player tiers with audience blank; legacy hint suggests resident vs guest. Hours shown as two windows on MWF/Sat — represented with open/close spanning both windows and the split noted.
ph-five-s-pickleball-general-mamerto-natividad,free,Community play (free),0,PHP,,,,,,,,high,3x weekly schedule; call to coordinate. Contact: Librado Santos 0917-681-7001,"Five-S Pickleball General Mamerto Natividad Nueva Ecija 3 Covered Courts 3x weekly, Call for schedule Free Librado 0917-681-7001 libradosantos817@gmail.com","Price and free-play status are clearly stated in the Philippine Pickleball Federation PDF. Specific days and times are not published — only ""3x weekly, Call for schedule"" is given; hours cannot be resolved without contacting the venue directly."
ph-jcas-malolos-malolos,court_hour,1 Hour Pickleball Court Rental (online),320,PHP,walk_in,,,,60,,,medium,Online booking rate is inclusive of ₱20.00 online processor fee; base court rate is effectively ₱300/hr,1 Hour PICKLEBALL Court Rental ... Online Booking rate is inclusive of Php20.00 online processor fee. ... Price: ₱320.00,"Two distinct pricing models are present: court rental at ₱320/hr (online, incl. ₱20 processor fee) from the booking page, and ₱150/player session play on Tue/Thu/Sat 5–9PM from the pickleball.ph PDF. The legacy note's ₱150/player aligns with the PDF. It is unclear whether the ₱300 walk-in/offline court rate also applies, as only the online price (₱320) is explicitly stated on the booking page."
ph-jcas-malolos-malolos,session_per_player,Open Play Session · Per Player,150,PHP,walk_in,tue|thu|sat,17:00,21:00,,,,medium,From pickleball.ph directory listing,"JCAS Malolos City Bulacan NCR 2 Indoor Courts Tue, Thu, Sat, 5p-9p p150 Jennalyn Tumale","Two distinct pricing models are present: court rental at ₱320/hr (online, incl. ₱20 processor fee) from the booking page, and ₱150/player session play on Tue/Thu/Sat 5–9PM from the pickleball.ph PDF. The legacy note's ₱150/player aligns with the PDF. It is unclear whether the ₱300 walk-in/offline court rate also applies, as only the online price (₱320) is explicitly stated on the booking page."
ph-makati-pickleball-club-makati,session_per_player,Open play,200,PHP,,tue|thu,10:00,13:00,,,,high,"Held at 7224 Malugay St., cor Buendia (shared with The Zone Sports Center)","Makati Pickleball Club 7224 Malugay St., cor Buendia Makati NCR 6 Indoor Courts Tue/Thu, 10a-1p p200/player",Pricing and schedule from pickleball.ph PDF (Sep 2025). Pickleheads listing for shared venue (Zone Sports Center) confirms ₱200 open play rate. No separate entrance fee confirmed for Makati Pickleball Club specifically.
ph-mira-nila-clubhouse-pickleball-quezon-city,session_per_player,Saturday Open Play,170,PHP,walk_in,sat,09:00,13:00,240,,34,high,"3 lined courts, max 34 players. Rental paddles available for ₱50 extra. Payment via GCash; slot confirmed only after uploading proof of payment. Payments transferable but non-refundable. 12-hr freeze time applies for cancellations.","Open Play is just ₱170 per player, making it easy to enjoy competitive games, meet fellow enthusiasts, and be part of a growing pickleball community.","All pricing and hours sourced directly from the Reclub club page and the specific event listing (QYDZQU), both consistently showing ₱170/player for Saturday 9AM–1PM sessions. The event page displays ""$170.00"" with a USD symbol, but the club description explicitly uses ₱170 (PHP) — treated as a Reclub display artefact. Legacy flagged range (₱150–200) is not supported by any current source; ₱170 is the only stated rate. No weekday or other-day hours found."
ph-mira-nila-clubhouse-pickleball-quezon-city,entry_fee,Paddle Rental,50,PHP,,sat,09:00,13:00,,,,high,Optional paddle rental add-on; not required if you bring your own.,Rental paddles are available for only ₱50,"All pricing and hours sourced directly from the Reclub club page and the specific event listing (QYDZQU), both consistently showing ₱170/player for Saturday 9AM–1PM sessions. The event page displays ""$170.00"" with a USD symbol, but the club description explicitly uses ₱170 (PHP) — treated as a Reclub display artefact. Legacy flagged range (₱150–200) is not supported by any current source; ₱170 is the only stated rate. No weekday or other-day hours found."
ph-nawa-wellness-pickleball-calatagan,unknown,Court rental — call for rate,,PHP,,,,,,,,low,2 outdoor courts. Schedule is by schedule daily. Contact Tanya Delder 0967-431-4420 tanya.deldar@nawawellness.com,"Nawa Wellness, Eco Luxury Resort QMM8+PJX Calatagan Batangas 2 Outdoor Courts By schedule daily Call Tanya Delder 0967-431-4420 tanya.deldar@nawawellness.com","The only structured data source is the Philippine Pickleball Federation PDF, which lists cost as ""Call"" with no PHP amount recoverable. The venue website confirms pickleball courts exist as a guest amenity but provides no pricing. All other sources (Reclub, Pickleheads, TripAdvisor, Facebook, Instagram) either failed to load or contained no pricing information."
ph-one-serendra-pickleball-club-bgc-taguig,session_per_player,Evening Open Play · Per Player,100,PHP,walk_in,tue,20:00,22:00,120,,,medium,"Beginner to Intermediate. Pickleballs provided; bring own paddle. Payment via GCash. No walk-ins — pre-payment required to be added to guest list. Minimum 8 players or event may be cancelled and refunded. One Serendra Palm Tower basement, 2 courts reserved.",💸 ₱100 per person for 2hrs,"Only one specific Tuesday evening session (Feb 3, 2026) is confirmed from Reclub — it is unclear whether this is a fixed recurring weekly schedule or an ad-hoc event. The Facebook post (2019) confirms pickleball activity at the venue but provides no pricing or hours. Operating hours outside of this Tuesday session are unknown."
ph-pal-sports-center-pasig,free,Open Play (Mon–Fri Morning),0,PHP,,mon|tue|wed|thu|fri,08:00,12:00,,,,high,2 Indoor Courts,"PAL Sports Center Nicols Road Pasay NCR 2 Indoor Courts Mon-Fri, 8a-12nn Free Renzo Zafra","All data sourced from the Philippine Pickleball Federation PDF (Sep 1, 2025). The venue is listed under Pasay (not Pasig as in the legacy hint). No weekend hours listed; venue appears to operate Mon–Fri mornings only at no cost."
ph-paradiso-verde-sport-center-labo,court_hour,Pickleball Court Rental (Covered),250,PHP,,,,,60,,,medium,Covered court. Rate announced as part of new court launch.,Pickleball (Covered Court – only ₱250/hour!),"Court rental rate (₱250/hr) comes from a Facebook announcement post; open play rate (₱180/player, 2–7 PM) comes from Sparrk which was marked Temporarily Closed at extraction time. Full weekly operating hours are not published on any accessible source — only the open play Sparrk slot (Tuesday, 2–7 PM) provides a time reference. Resort entrance fee of ₱150 applies to non-playing guests/companions per Sparrk house rules."
ph-paradiso-verde-sport-center-labo,session_per_player,Open Play Session,180,PHP,walk_in,,14:00,19:00,300,,,medium,Part of Paradiso Verde soft launch. Open rotation/Dink & Drink format. Limited slots. Sparrk listing marked Temporarily Closed at time of extraction.,Open Play Starts at ₱180 … 2pm - 7pm ₱180 35 left,"Court rental rate (₱250/hr) comes from a Facebook announcement post; open play rate (₱180/player, 2–7 PM) comes from Sparrk which was marked Temporarily Closed at extraction time. Full weekly operating hours are not published on any accessible source — only the open play Sparrk slot (Tuesday, 2–7 PM) provides a time reference. Resort entrance fee of ₱150 applies to non-playing guests/companions per Sparrk house rules."
ph-paradiso-verde-sport-center-labo,entry_fee,Resort Entrance Fee (Guest/Plus One),150,PHP,guest,,,,,,,medium,Applies to any companion/guest who needs to enter the resort grounds to accompany a booked player.,"If you have a plus one or a guest, they will need to pay an entrance fee of ₱150 to enter the resort.","Court rental rate (₱250/hr) comes from a Facebook announcement post; open play rate (₱180/player, 2–7 PM) comes from Sparrk which was marked Temporarily Closed at extraction time. Full weekly operating hours are not published on any accessible source — only the open play Sparrk slot (Tuesday, 2–7 PM) provides a time reference. Resort entrance fee of ₱150 applies to non-playing guests/companions per Sparrk house rules."
ph-pickle-play-cavite,session_per_player,Morning Open Play,150,PHP,walk_in,,07:00,12:00,300,,,medium,All Levels; Skill-based Matching; up to 6 courts available,☀️ FRI Morning Open Play | 7AM - 12NN | ₱150 | All Levels | 6 COURTS | Skill-based Matching,All pricing is clearly sourced from Reclub activity listings (session_per_player model). Tuesday–Thursday sessions are inferred from the repeating daily pattern visible across Fri/Sat/Sun/Mon; no explicit listings for those days were shown in the screenshot. Drill sessions appear only on Mon and Fri in visible upcoming schedule. Legacy note of ₱300/hr court rental could not be verified from current sources; no court_hour pricing row was emitted.
ph-pickle-play-cavite,session_per_player,Afternoon Open Play,150,PHP,walk_in,,13:00,18:00,300,,,medium,All Levels; Skill-based Matching; up to 4 courts available,⛅️ FRI Afternoon Open Play | 1:00PM-6:00PM | ₱150 | 4 COURTS | All Levels | Skill-based Matching,All pricing is clearly sourced from Reclub activity listings (session_per_player model). Tuesday–Thursday sessions are inferred from the repeating daily pattern visible across Fri/Sat/Sun/Mon; no explicit listings for those days were shown in the screenshot. Drill sessions appear only on Mon and Fri in visible upcoming schedule. Legacy note of ₱300/hr court rental could not be verified from current sources; no court_hour pricing row was emitted.
ph-pickle-play-cavite,session_per_player,Night Open Play,200,PHP,walk_in,,18:00,23:00,300,,,medium,All Levels; Skill-based Matching; up to 6 courts available,🌙 FRI Night Open Play | 6:00PM - 11:00PM | ₱200 | 6 COURTS | All Levels | Skill-based Matching,All pricing is clearly sourced from Reclub activity listings (session_per_player model). Tuesday–Thursday sessions are inferred from the repeating daily pattern visible across Fri/Sat/Sun/Mon; no explicit listings for those days were shown in the screenshot. Drill sessions appear only on Mon and Fri in visible upcoming schedule. Legacy note of ₱300/hr court rental could not be verified from current sources; no court_hour pricing row was emitted.
ph-pickle-play-cavite,session_per_player,Beginner to Intermediate Drill Session,300,PHP,walk_in,mon|fri,14:00,17:00,180,,,medium,Appears on Mon and Fri in upcoming schedule; may run other days as well,Beginner to Intermediate Drill Sessions | 2pm - 5pm | ₱300,All pricing is clearly sourced from Reclub activity listings (session_per_player model). Tuesday–Thursday sessions are inferred from the repeating daily pattern visible across Fri/Sat/Sun/Mon; no explicit listings for those days were shown in the screenshot. Drill sessions appear only on Mon and Fri in visible upcoming schedule. Legacy note of ₱300/hr court rental could not be verified from current sources; no court_hour pricing row was emitted.
ph-pickleball-camp-timberland-san-mateo,session_per_player,Introduction & Coaching Session · Per Player,500,PHP,walk_in,mon,18:00,22:00,240,,,low,"Single observed Reclub event (TPC Pickleball Introduction and Coaching, Jan 19). Payment via GCash to organiser. This is a specific coached session, not confirmed as a standing rate. Reclub displays '$' but PHP is assumed for PH venue.","Per Player
$500.00","Only one verifiable pricing data point exists: a single Reclub coaching event at ₱500/player for 4 hours on a Monday evening — this is a specific organised session, not a published standing rate. The official Timberland Resort sports/leisure rates page returned a 404, and the Facebook group is login-gated, so the legacy-hinted rates of ₱200–250/player (open play) and ₱400/hour (court rental) could not be verified from any available source. No operating hours were recoverable from any source."
ph-pickleball-central-ph-pcph-pampanga-angeles,unknown,Open Play (Mon/Wed/Fri),200,PHP,,mon|wed|fri,17:00,21:00,,,,low,PDF lists 'p200' without specifying per player or per court/hour. PDF also lists only 9 outdoor courts whereas Facebook now states 15 indoor courts — entry may be stale or reflect an earlier configuration. Pricing model is uncertain.,"Pickleball Central Angeles Pampanga 9 Outdoor Mon, Wed, Fri, 5p-9p p200 Justine Joshua Flores","Facebook and Instagram pages were blocked by login walls, yielding no pricing or hours data. The only recoverable rate (₱200) comes from the Philippine Pickleball Federation PDF, which lists 9 outdoor courts and a Mon/Wed/Fri 5–9 PM schedule — conflicting with the venue's current Facebook description of 15 indoor courts, suggesting the PDF entry is outdated. The ₱200 figure lacks a unit (per player vs. per court), so the pricing model cannot be determined with confidence."
ph-pickleball-hq-binan-binan,court_hour,Court rental (standard),500,PHP,,,,18:00,60,,,low,Standard rate before 6 PM,"Court rental ₱500/court/hour standard, ₱600/court/hour from 6pm. Per Pickleheads listing.","Both primary sources were inaccessible at scrape time: Facebook returned a login wall and Pickleheads.com returned a Cloudflare block. All pricing data is sourced exclusively from legacy normaliser hints attributed to a prior Pickleheads listing. The open play rate range (₱200–₱275/player) lacks tier labels, so two rows were emitted but the exact split criteria (time slot, member vs. non-member, etc.) is unconfirmed. Operating hours could not be extracted from any source."
ph-pickleball-hq-binan-binan,court_hour,"Court rental (peak, from 6 PM)",600,PHP,,,18:00,,60,,,low,Peak rate from 6 PM onwards,"Court rental ₱500/court/hour standard, ₱600/court/hour from 6pm. Per Pickleheads listing.","Both primary sources were inaccessible at scrape time: Facebook returned a login wall and Pickleheads.com returned a Cloudflare block. All pricing data is sourced exclusively from legacy normaliser hints attributed to a prior Pickleheads listing. The open play rate range (₱200–₱275/player) lacks tier labels, so two rows were emitted but the exact split criteria (time slot, member vs. non-member, etc.) is unconfirmed. Operating hours could not be extracted from any source."
ph-pickleball-hq-binan-binan,session_per_player,Open Play (lower tier),200,PHP,,,,,,,,low,"Lower end of open play range ₱200–₱275/player; tier breakdown (e.g. member vs non-member, or session time) not confirmed in available sources",Open Plays ₱200-275/player. Per Pickleheads listing.,"Both primary sources were inaccessible at scrape time: Facebook returned a login wall and Pickleheads.com returned a Cloudflare block. All pricing data is sourced exclusively from legacy normaliser hints attributed to a prior Pickleheads listing. The open play rate range (₱200–₱275/player) lacks tier labels, so two rows were emitted but the exact split criteria (time slot, member vs. non-member, etc.) is unconfirmed. Operating hours could not be extracted from any source."
ph-pickleball-hq-binan-binan,session_per_player,Open Play (upper tier),275,PHP,,,,,,,,low,Upper end of open play range ₱200–₱275/player; tier distinction not confirmed in available sources,Open Plays ₱200-275/player. Per Pickleheads listing.,"Both primary sources were inaccessible at scrape time: Facebook returned a login wall and Pickleheads.com returned a Cloudflare block. All pricing data is sourced exclusively from legacy normaliser hints attributed to a prior Pickleheads listing. The open play rate range (₱200–₱275/player) lacks tier labels, so two rows were emitted but the exact split criteria (time slot, member vs. non-member, etc.) is unconfirmed. Operating hours could not be extracted from any source."
ph-pickleball-hub-tiendesitas-pasig,session_per_player,Open play session (per player),150,PHP,walk_in,,,,,,,medium,Legacy notes reference a ₱150–200 range from pickleball.ph PDF; upper tier not recoverable from available sources. Pickleheads describes this as a one-time fee required to play.,p150 per session,"The only recoverable price is ₱150/session from Pickleheads; legacy hints suggest a ₱150–200 range (e.g. from a pickleball.ph PDF) but the upper tier is not confirmed by any directly quoted source. Hours are inferred from the Courtified booking calendar (first slot 8:00 AM, last visible slot 10:00 PM–11:00 PM); the Facebook Extension page cover photo shows ""Open Daily | 10 AM – 10 PM"" but that page refers to a separate Extension venue, so it was not used for primary hours."
ph-pickleball-mania-montalban-rodriguez,session_per_player,Unlimited play per person,100,PHP,walk_in,,,,,,,low,Unlimited play for the session,Unlimited play ₱100 per person,"No pricing or hours information was recoverable from any of the live source pages (Reclub showed no description, Facebook was login-gated). All three pricing rows are sourced exclusively from the legacy normaliser notes, which themselves have no verifiable origin. Hours are entirely unknown."
ph-pickleball-mania-montalban-rodriguez,court_hour,Court rental,200,PHP,,,,,60,,,low,,rent a court at ₱200 per hour,"No pricing or hours information was recoverable from any of the live source pages (Reclub showed no description, Facebook was login-gated). All three pricing rows are sourced exclusively from the legacy normaliser notes, which themselves have no verifiable origin. Hours are entirely unknown."
ph-pickleball-mania-montalban-rodriguez,entry_fee,Paddle rental,50,PHP,,,,,,,,low,Add-on paddle rental fee,Paddle rental is ₱50,"No pricing or hours information was recoverable from any of the live source pages (Reclub showed no description, Facebook was login-gated). All three pricing rows are sourced exclusively from the legacy normaliser notes, which themselves have no verifiable origin. Hours are entirely unknown."
ph-pickler-s-lounge-at-ayala-malls-cloverleaf-quezon-city,session_per_player,Sunday Open Play · 4 hours · 3 courts,275,PHP,walk_in,sun,10:00,14:00,240,,30,medium,Win-lose format. 3 air-conditioned indoor courts. Max 30 confirmed players; waitlisted players must not pay until accepted. Slot may be sold to another player if unable to attend. Court shoes and protective eyewear required. Hosted by Court Hoppers.,"Per Player
$275.00

OPEN PLAY at 3 air-conditioned courts. Win-lose format to facilitate playing with various players and learning from different playing styles/skills.

10am-2pm
4 hours","The only recoverable numeric rate is PHP 275/player for a specific Sunday open-play session on Reclub (displayed as ""$275.00"" — treated as PHP per standard Reclub PH convention). Full venue operating hours and any court-rental or non-OP pricing are not available from any source; the Instagram ""pricelist"" highlight is behind a login wall and could not be retrieved."
ph-richmond-angono-tennis-court-angono,session_per_player,APC Open Play · Member (4-8 PM),60,PHP,member,wed,16:00,20:00,,,,high,Fees include unlimited ball use. Paddle stacking rules apply.,Fees (4-8 PM) ₱60 - Members,"Rates and schedule taken verbatim from Reclub meet listing for APC Open Play (Wednesdays). Legacy hints mention additional homeowner/indoor-covered-court rates (₱60 homeowner, ₱90 member, ₱130 non-member, ₱80 indoor) but these are not present in the provided sources, so not emitted. Pickleheads source was blocked by Cloudflare."
ph-richmond-angono-tennis-court-angono,session_per_player,APC Open Play · Non-member (4-8 PM),100,PHP,non_member,wed,16:00,20:00,,,,high,Fees include unlimited ball use. Paddle stacking rules apply.,₱100 - Non-members,"Rates and schedule taken verbatim from Reclub meet listing for APC Open Play (Wednesdays). Legacy hints mention additional homeowner/indoor-covered-court rates (₱60 homeowner, ₱90 member, ₱130 non-member, ₱80 indoor) but these are not present in the provided sources, so not emitted. Pickleheads source was blocked by Cloudflare."
ph-richmond-angono-tennis-court-angono,session_per_player,Extension Fee (9-10 PM),40,PHP,,wed,21:00,22:00,60,,,high,Add-on to base open play fee,Extension Fee (9-10 PM) ₱40 per player,"Rates and schedule taken verbatim from Reclub meet listing for APC Open Play (Wednesdays). Legacy hints mention additional homeowner/indoor-covered-court rates (₱60 homeowner, ₱90 member, ₱130 non-member, ₱80 indoor) but these are not present in the provided sources, so not emitted. Pickleheads source was blocked by Cloudflare."
ph-rodriguez-rizal-pickleball-club-rrpc-rodriguez,session_per_player,Sunday Open Play · Per Player,150,PHP,walk_in,sun,,,,,,low,"Paddle rental available at PHP 50 extra. Payment via GCash before play; No Pay No Play, No Show No Refund.",Sunday OP PHP 150/player + paddle rental PHP 50,No price figures appear anywhere in the current Reclub page scrape or any other fetched source; the PHP 150/player Sunday open play rate and PHP 50 paddle rental come exclusively from the legacy normaliser hint and cannot be verified with a verbatim source quote. Operating hours are inferred only from two upcoming-activity listings (Tue & Fri 6PM–10PM); hours for other days (including Sunday) are not confirmed from any source.
ph-sampaloc-tanay-pickleball-club-barangay-gym-tanay,free,Free open play · Weekend,0,PHP,walk_in,sat|sun,13:00,16:00,,,,high,2 covered courts at Barangay Gym. Contact James Umali (0928-725-2737) for participation.,"Sampaloc Tanay Pickleball Club Barangay Gym Tanay Rizal 2 Covered Courts Sat/Sun, 1p-4p Free James Umali 0928-725-2737","Price and schedule sourced directly from pickleball.ph PDF (Sep 1 2025), dual-confirmed by legacy Pickleheads note. The legacy flag about a ₱150-200 price range could not be corroborated in any available source; all readable sources consistently show Free. Facebook page was login-gated and yielded no pricing data."
ph-santa-maria-picklers-santa-maria,free,Daily Open Play,0,PHP,walk_in,,,,,,,medium,Games held in various venues within Santa Maria. Bring your own paddle and balls. Contact FB page to join.,"No court fees, just bring your paddle and balls.","Open play is explicitly free per the Reclub club description. Session end times are not provided — only start times are inferred from upcoming activity listings (4 PM weekdays, 3 PM weekends). The tournament entry fee ($250.00 on Reclub) is assumed to be PHP 250 based on legacy notes; the Reclub platform appears to use ""$"" as a generic currency symbol for PHP amounts. The tournament is a past one-off event and does not represent ongoing pricing."
ph-santa-maria-picklers-santa-maria,entry_fee,1st SMP Invitational Tournament Entry,250,PHP,walk_in,sat,08:00,,,,,medium,"One-time past tournament event (Feb 7, ended). Reclub displayed as $250.00; legacy notes confirm ₱250. Check FB page for updated details.",Per Player $250.00,"Open play is explicitly free per the Reclub club description. Session end times are not provided — only start times are inferred from upcoming activity listings (4 PM weekdays, 3 PM weekends). The tournament entry fee ($250.00 on Reclub) is assumed to be PHP 250 based on legacy notes; the Reclub platform appears to use ""$"" as a generic currency symbol for PHP amounts. The tournament is a past one-off event and does not represent ongoing pricing."
ph-sm-city-cabanatuan-pickleball-cabanatuan,free,Free open play,0,PHP,,,,,,,,medium,"Promotional free-play period as of September 2025. May transition to standard SM Active Hub rates (~₱250/head) in the future. Courts located at 2nd Level Garden Park, SM City Cabanatuan.","For now, it's absolutely free to play—a perfect chance to try out one of the fastest-growing sports in the world without worrying about fees.","Free-play status confirmed by Punto Central Luzon press release dated September 22, 2025, but no operating hours are stated in any source. The free pricing is explicitly described as temporary (""for now""), and the legacy normaliser notes a potential future shift to ~₱250/head SM Active Hub rates; no paid rate has been confirmed yet."
ph-solaire-sports-club-pickleball-paranaque,court_hour,Pickleball court · Walk-in,1200,PHP,walk_in,,,,60,,4,high,Good for up to 4 players. Up to 2 additional players at ₱200/person. ₱500 non-refundable reservation fee (discounted on visit).,"Walk-ins: PHP 1,200 per hour","Pickleball court rental is straightforward: ₱1,200 walk-in / ₱1,000 in-house, both per hour for up to 4 players with extras at ₱200/head. Membership listed separately with annual fee. Equipment/coaching rates (racket ₱200, ball machine ₱500, coach ₱1,500, hitting partner ₱1,000/hr) omitted as ancillary."
ph-solaire-sports-club-pickleball-paranaque,court_hour,Pickleball court · In-house hotel guest,1000,PHP,in_house,,,,60,,4,high,Good for up to 4 players. Up to 2 additional players at ₱200/person. ₱500 non-refundable reservation fee.,"In-house guests: PHP 1,000 per hour","Pickleball court rental is straightforward: ₱1,200 walk-in / ₱1,000 in-house, both per hour for up to 4 players with extras at ₱200/head. Membership listed separately with annual fee. Equipment/coaching rates (racket ₱200, ball machine ₱500, coach ₱1,500, hitting partner ₱1,000/hr) omitted as ancillary."
ph-solaire-sports-club-pickleball-paranaque,membership,Solaire Sports Club annual membership,25000,PHP,member,,,,,,,high,"Includes complimentary racket/golf club rentals, Poolside access with up to 3 guests (₱1,000/guest day pass), one complimentary 1-hour coaching session, discounted court/golf suite rates.","Membership is available for an annual fee of ₱25,000","Pickleball court rental is straightforward: ₱1,200 walk-in / ₱1,000 in-house, both per hour for up to 4 players with extras at ₱200/head. Membership listed separately with annual fee. Equipment/coaching rates (racket ₱200, ball machine ₱500, coach ₱1,500, hitting partner ₱1,000/hr) omitted as ancillary."
ph-south-city-homes-recreation-center-schrc-pickleball-binan,session_per_player,Open Play drop-in,200,PHP,walk_in,,,,,,,low,Rate per legacy Pickleheads note; not verified on Reclub page. Reclub club membership is free.,₱200/player one-time fee per Pickleheads,"Reclub page shows only activity schedule (no rates). Pickleheads source blocked by Cloudflare; ₱200/player figure comes from legacy notes referencing Pickleheads, not directly verified. Hours inferred from Reclub Open Play activity start times; close times unknown."
ph-sylvia-bf-homes-las-pinas,session_per_player,Open Play · Per Player (4-hour session),150,PHP,walk_in,,,,240,,12,medium,Capped at 12 players per court for open events. Game balls and official nets sponsored by Tecniq Sports. Game height tripod available free of charge. Per-court reservation also available — call/text 09456535470.,Cheap court fee 150 per head for 4 hours,"Price and session length are clearly stated on Reclub (""150 per head for 4 hours""). No operating hours are published on the Reclub page. Pickleheads was blocked by Cloudflare so no supplementary data could be retrieved. The legacy note mentions ₱150/player from pickleball.ph which is consistent but that source was not directly available."
ph-the-pickleball-club-ayala-malls-manila-bay-pasay,session_per_player,Friday Night Open Play,300,PHP,walk_in,fri,21:00,24:00,180,20,,medium,3 hours of open play across 3 courts. Minimum 20 players required for session to push through. Payment via GCash. All skill levels welcome. Organized by Palo Pilipinas community.,"Fee: 300 per head
Includes 3 hours of open play across 3 courts
* Minimum of 20 players required for the session to push through","Pricing (₱300/head) is clearly stated for the Friday Reclub session; Saturday and Wednesday rates are assumed to be the same as no separate figures are given. These are community-organized open play sessions by Palo Pilipinas, not a venue-published price schedule — general venue operating hours and any direct court rental rates are not available from the sources."
ph-the-pickleball-club-ayala-malls-manila-bay-pasay,session_per_player,Wednesday Night Open Play,300,PHP,walk_in,wed,21:00,24:00,180,20,,medium,Session schedule inferred from Palo Pilipinas upcoming activities (Wed @ 9:00 PM). Price assumed same as Friday sessions at ₱300/head; no separate rate explicitly stated for Wednesday.,"WED, MAY 20 @ 9:00 PM
Pickleball Open Play @ Ayala Malls Manila Bay","Pricing (₱300/head) is clearly stated for the Friday Reclub session; Saturday and Wednesday rates are assumed to be the same as no separate figures are given. These are community-organized open play sessions by Palo Pilipinas, not a venue-published price schedule — general venue operating hours and any direct court rental rates are not available from the sources."
ph-the-pickleball-club-ayala-malls-manila-bay-pasay,session_per_player,Saturday Evening Open Play,300,PHP,walk_in,sat,18:00,22:00,240,,,medium,"4 hours, 3 courts, Indoor Sports Center. Duration from Facebook post (Aug 2 session); price assumed same as Friday sessions at ₱300/head — not separately quoted for Saturday.","Sat, Aug 2 6:00 PM
Ayala Malls Manila Bay, Parañaque
4hours | 3 courts - Indoor Sports Center","Pricing (₱300/head) is clearly stated for the Friday Reclub session; Saturday and Wednesday rates are assumed to be the same as no separate figures are given. These are community-organized open play sessions by Palo Pilipinas, not a venue-published price schedule — general venue operating hours and any direct court rental rates are not available from the sources."
ph-the-pickleground-ph-cavite,session_per_player,Morning · Member,150,PHP,member,,07:00,12:00,,,,medium,,Morning (7AM–12NN) PHP 150 – Member,"Hours from FB intro ""OPEN DAILY 7AM-12MN"". Pricing taken from legacy notes (per-player open play tiers); Facebook page itself is behind login wall so rates could not be verified directly from source page."
ph-the-pickleground-ph-cavite,session_per_player,Morning · Non-Member,180,PHP,non_member,,07:00,12:00,,,,medium,,PHP 180 – Non-Member,"Hours from FB intro ""OPEN DAILY 7AM-12MN"". Pricing taken from legacy notes (per-player open play tiers); Facebook page itself is behind login wall so rates could not be verified directly from source page."
ph-the-pickleground-ph-cavite,session_per_player,Afternoon · Member,170,PHP,member,,12:00,18:00,,,,medium,,Afternoon (12NN–6PM) PHP 170 – Member,"Hours from FB intro ""OPEN DAILY 7AM-12MN"". Pricing taken from legacy notes (per-player open play tiers); Facebook page itself is behind login wall so rates could not be verified directly from source page."
ph-the-pickleground-ph-cavite,session_per_player,Afternoon · Non-Member,200,PHP,non_member,,12:00,18:00,,,,medium,,PHP 200 – Non-Member,"Hours from FB intro ""OPEN DAILY 7AM-12MN"". Pricing taken from legacy notes (per-player open play tiers); Facebook page itself is behind login wall so rates could not be verified directly from source page."
ph-the-pickleground-ph-cavite,session_per_player,Evening · Member,200,PHP,member,,18:00,24:00,,,,medium,,Evening (6PM–12MN) PHP 200 – Member,"Hours from FB intro ""OPEN DAILY 7AM-12MN"". Pricing taken from legacy notes (per-player open play tiers); Facebook page itself is behind login wall so rates could not be verified directly from source page."
ph-the-pickleground-ph-cavite,session_per_player,Evening · Non-Member,250,PHP,non_member,,18:00,24:00,,,,medium,,PHP 250 – Non-Member,"Hours from FB intro ""OPEN DAILY 7AM-12MN"". Pricing taken from legacy notes (per-player open play tiers); Facebook page itself is behind login wall so rates could not be verified directly from source page."
ph-the-smash-city-valenzuela-s-premier-pickleball-centre-valenzuela,court_hour,Private Court Booking – Off Peak (Weekday),350,PHP,,mon|tue|wed|thu|fri,08:00,17:00,60,,,high,Exclusive use of court for group. Rate applies to weekday bookings 8AM–5PM.,Private Court Booking - OFF Peak ... Rate applies to bookings from 8am to 5pm on weekdays. Php 350.00 / 60mins,"All four pricing tiers sourced verbatim from the official website (thesmashcity.com/services/). Operating hours are inferred from pricing window boundaries (earliest booking 8AM, peak end 11PM) — no explicit daily schedule table was published. Weekend opening/closing times are assumed to match weekday bounds; actual hours should be confirmed directly with the venue."
ph-the-smash-city-valenzuela-s-premier-pickleball-centre-valenzuela,court_hour,Private Court Booking – Peak (Weekday Evening),400,PHP,,mon|tue|wed|thu|fri,17:00,23:00,60,,,high,Exclusive use of court for group. Rate applies to bookings from 5pm to 11pm on weekdays.,Private Court Booking - Peak ... Rate applies to bookings from 5pm to 11pm or weekends. Php 400.00 / 60mins,"All four pricing tiers sourced verbatim from the official website (thesmashcity.com/services/). Operating hours are inferred from pricing window boundaries (earliest booking 8AM, peak end 11PM) — no explicit daily schedule table was published. Weekend opening/closing times are assumed to match weekday bounds; actual hours should be confirmed directly with the venue."
ph-the-smash-city-valenzuela-s-premier-pickleball-centre-valenzuela,court_hour,Private Court Booking – Peak (Weekend),400,PHP,,sat|sun,,,60,,,high,Exclusive use of court for group. Peak rate applies all day on weekends.,Private Court Booking - Peak ... Rate applies to bookings from 5pm to 11pm or weekends. Php 400.00 / 60mins,"All four pricing tiers sourced verbatim from the official website (thesmashcity.com/services/). Operating hours are inferred from pricing window boundaries (earliest booking 8AM, peak end 11PM) — no explicit daily schedule table was published. Weekend opening/closing times are assumed to match weekday bounds; actual hours should be confirmed directly with the venue."
ph-the-smash-city-valenzuela-s-premier-pickleball-centre-valenzuela,session_per_player,Open Play – Off Peak (Morning),200,PHP,walk_in,mon|tue|wed|thu|fri,08:00,12:00,,,,high,"Booked via Reclub app, scheduled one week in advance. Casual open play session.",Open Plays - OFF Peak ... Rate applies to sessions from 8am to 12nn. Php 200.00 / session,"All four pricing tiers sourced verbatim from the official website (thesmashcity.com/services/). Operating hours are inferred from pricing window boundaries (earliest booking 8AM, peak end 11PM) — no explicit daily schedule table was published. Weekend opening/closing times are assumed to match weekday bounds; actual hours should be confirmed directly with the venue."
ph-the-smash-city-valenzuela-s-premier-pickleball-centre-valenzuela,session_per_player,Open Play – Peak (Weekend),250,PHP,walk_in,sat|sun,,,,,,high,"Booked via Reclub app, scheduled one week in advance. Peak rate applies all day on weekends.",Open Plays - Peak ... Rate applies to sessions during weekends. Php 250.00 / session,"All four pricing tiers sourced verbatim from the official website (thesmashcity.com/services/). Operating hours are inferred from pricing window boundaries (earliest booking 8AM, peak end 11PM) — no explicit daily schedule table was published. Weekend opening/closing times are assumed to match weekday bounds; actual hours should be confirmed directly with the venue."
ph-vensand-pickleball-hub-rodriguez,session_per_player,Open Play · AC (per head),250,PHP,walk_in,,,,,,,medium,Air-conditioned open play; rate sourced from legacy normaliser notes only — no verbatim quote recoverable from scraped pages,₱250/head AC OP,"The ₱250/head open play rate and ₱20 ball rental appear only in legacy normaliser notes and could not be verified from any scraped source page; they are included but flagged accordingly. The ₱1,000 beginner training fee and ₱50 paddle rental are directly confirmed via the Reclub RRPC drills event listing. Operating hours were not recoverable from any source (Facebook only showed ""Closed now"" with no schedule); the Thursday 8–10AM training slot mentioned in legacy notes has no confirming source quote. Reclub displays the price as ""$1,000.00"" but all descriptive text unambiguously states PHP."
ph-vensand-pickleball-hub-rodriguez,session_per_player,Beginner Training (RRPC Drills),1000,PHP,walk_in,mon,18:00,20:00,120,,,medium,"Structured drills/lessons hosted by Rodriguez Rizal Pickleball Club (RRPC). Legacy notes also mention a Thu 8–10AM slot but not confirmed in scraped sources. Reclub UI displays $1,000.00 but all in-listing text confirms P1000 (PHP).",Begginers Training Fee: P1000,"The ₱250/head open play rate and ₱20 ball rental appear only in legacy normaliser notes and could not be verified from any scraped source page; they are included but flagged accordingly. The ₱1,000 beginner training fee and ₱50 paddle rental are directly confirmed via the Reclub RRPC drills event listing. Operating hours were not recoverable from any source (Facebook only showed ""Closed now"" with no schedule); the Thursday 8–10AM training slot mentioned in legacy notes has no confirming source quote. Reclub displays the price as ""$1,000.00"" but all descriptive text unambiguously states PHP."
ph-vensand-pickleball-hub-rodriguez,entry_fee,Paddle Rental,50,PHP,,,,,,,,medium,Add-on rental fee on top of session fee,Paddle Rental Fee: P50,"The ₱250/head open play rate and ₱20 ball rental appear only in legacy normaliser notes and could not be verified from any scraped source page; they are included but flagged accordingly. The ₱1,000 beginner training fee and ₱50 paddle rental are directly confirmed via the Reclub RRPC drills event listing. Operating hours were not recoverable from any source (Facebook only showed ""Closed now"" with no schedule); the Thursday 8–10AM training slot mentioned in legacy notes has no confirming source quote. Reclub displays the price as ""$1,000.00"" but all descriptive text unambiguously states PHP."
ph-vensand-pickleball-hub-rodriguez,entry_fee,Ball Rental,20,PHP,,,,,,,,medium,From legacy normaliser notes only; no verbatim quote recoverable from scraped pages,ball rental ₱20,"The ₱250/head open play rate and ₱20 ball rental appear only in legacy normaliser notes and could not be verified from any scraped source page; they are included but flagged accordingly. The ₱1,000 beginner training fee and ₱50 paddle rental are directly confirmed via the Reclub RRPC drills event listing. Operating hours were not recoverable from any source (Facebook only showed ""Closed now"" with no schedule); the Thursday 8–10AM training slot mentioned in legacy notes has no confirming source quote. Reclub displays the price as ""$1,000.00"" but all descriptive text unambiguously states PHP."
ph-violago-compound-pickleball-meycauayan,session_per_player,Daily Session · Per Player,100,PHP,walk_in,,17:00,21:00,,,,high,PDF lists as Indoor Court; venue metadata flags as outdoor — discrepancy noted.,"Violago Compound Calmalig Meycauayan NCR 1 Indoor Court Daily, 5p-9p p100/player","Price (₱100/player) and schedule (Daily 5p–9p) sourced directly from the Philippine Pickleball Federation PDF (Sept 1, 2025). Minor discrepancy: PDF lists the court as ""Indoor"" while venue metadata flags it as outdoor; Pickleheads source was blocked by Cloudflare so could not be verified."
ph-vital-mpact-gym-pickleball-cubao-quezon-city,session_per_player,Thursday Open Play · Walk-in,250,PHP,walk_in,thu,18:00,21:00,180,,,medium,1 indoor Taraflex court; beginner-friendly; paddle rental available for ₱100 extra; 1 extra paddle free to use; free parking; shower available; pay before play via GCash,Per Player $250.00 … ✔️6PM-9PM (3 hrs) ✔️1 Indoor court (Taraflex),"Only one Reclub event listing (Thursday evening open play at ₱250/player) was recoverable; no website or full Facebook post pricing was accessible. Operating hours for other days are unknown — only the Thursday 6–9 PM session is confirmed. Reclub displays the amount as ""$250.00"" but context (PHP venue, P100 paddle rental reference) confirms this is PHP 250."