venue_slug,filename,role,position,web_path,bytes
24-7-pickle-mandaluyong,24-7-pickle-mandaluyong-court.jpg,hero,0,images/venues/24-7-pickle-mandaluyong/24-7-pickle-mandaluyong-court.jpg,166374
24-7-pickle-mandaluyong,24-7-pickle-mandaluyong-court-2.jpg,gallery,1,images/venues/24-7-pickle-mandaluyong/24-7-pickle-mandaluyong-court-2.jpg,204392
2916-pickleballers-guillermo-badminton-and-pickleball-court,2916-pickleballers-guillermo-badminton-and-pickleball-court-bacarra.jpg,hero,0,images/venues/2916-pickleballers-guillermo-badminton-and-pickleball-court/2916-pickleballers-guillermo-badminton-and-pickleball-court-bacarra.jpg,130959
ace-e-resort-pickleball,ace-e-resort-pickleball-court-los-banos.jpg,hero,0,images/venues/ace-e-resort-pickleball/ace-e-resort-pickleball-court-los-banos.jpg,318819
ace-e-resort-pickleball,ace-e-resort-pickleball-court-los-banos-2.jpg,gallery,1,images/venues/ace-e-resort-pickleball/ace-e-resort-pickleball-court-los-banos-2.jpg,257189
ace-e-resort-pickleball,ace-e-resort-pickleball-court-los-banos-3.jpg,gallery,2,images/venues/ace-e-resort-pickleball/ace-e-resort-pickleball-court-los-banos-3.jpg,329156
ace-e-resort-pickleball,ace-e-resort-pickleball-court-los-banos-4.jpg,gallery,3,images/venues/ace-e-resort-pickleball/ace-e-resort-pickleball-court-los-banos-4.jpg,264772
actifit-sports-center,actifit-sports-center-pickleball-court-valenzuela.jpg,hero,0,images/venues/actifit-sports-center/actifit-sports-center-pickleball-court-valenzuela.jpg,316852
actifit-sports-center,actifit-sports-center-pickleball-court-valenzuela-2.jpg,gallery,1,images/venues/actifit-sports-center/actifit-sports-center-pickleball-court-valenzuela-2.jpg,324005
activate-sports-ph-lucena-lucena-city,activate-sports-ph-lucena-lucena-city-pickleball-court.jpg,hero,0,images/venues/activate-sports-ph-lucena-lucena-city/activate-sports-ph-lucena-lucena-city-pickleball-court.jpg,365673
activate-sports-ph-one-ayala,activate-sports-ph-one-ayala-pickleball-court-makati-2.jpg,gallery,0,images/venues/activate-sports-ph-one-ayala/activate-sports-ph-one-ayala-pickleball-court-makati-2.jpg,80643
alabang-country-club,alabang-country-club-pickleball-court-muntinlupa.jpg,hero,0,images/venues/alabang-country-club/alabang-country-club-pickleball-court-muntinlupa.jpg,68148
amadea-resort-and-pickleball,amadea-resort-and-pickleball-court-cavite.jpg,hero,0,images/venues/amadea-resort-and-pickleball/amadea-resort-and-pickleball-court-cavite.jpg,356094
amadea-resort-and-pickleball,amadea-resort-and-pickleball-court-cavite-2.jpg,gallery,1,images/venues/amadea-resort-and-pickleball/amadea-resort-and-pickleball-court-cavite-2.jpg,193416
amadea-resort-and-pickleball,amadea-resort-and-pickleball-court-cavite-3.jpg,gallery,2,images/venues/amadea-resort-and-pickleball/amadea-resort-and-pickleball-court-cavite-3.jpg,323049
amadea-resort-and-pickleball,amadea-resort-and-pickleball-court-cavite-4.jpg,gallery,3,images/venues/amadea-resort-and-pickleball/amadea-resort-and-pickleball-court-cavite-4.jpg,866293
arcovia-pickleball-club,arcovia-pickleball-club-court-pasig.jpg,hero,0,images/venues/arcovia-pickleball-club/arcovia-pickleball-club-court-pasig.jpg,185073
arcovia-pickleball-club,arcovia-pickleball-club-court-pasig-2.jpg,gallery,1,images/venues/arcovia-pickleball-club/arcovia-pickleball-club-court-pasig-2.jpg,371481
athlete-central,athlete-central-pickleball-court-cainta.jpg,hero,0,images/venues/athlete-central/athlete-central-pickleball-court-cainta.jpg,329820
athlete-central,athlete-central-pickleball-court-cainta-2.jpg,gallery,1,images/venues/athlete-central/athlete-central-pickleball-court-cainta-2.jpg,192539
athlete-central-ph,athlete-central-ph-pickleball-court-cainta.jpg,hero,0,images/venues/athlete-central-ph/athlete-central-ph-pickleball-court-cainta.jpg,622825
athlete-central-ph,athlete-central-ph-pickleball-court-cainta-2.jpg,gallery,1,images/venues/athlete-central-ph/athlete-central-ph-pickleball-court-cainta-2.jpg,480942
athlete-central-ph,athlete-central-ph-pickleball-court-cainta-3.jpg,gallery,2,images/venues/athlete-central-ph/athlete-central-ph-pickleball-court-cainta-3.jpg,439236
ayala-heights-badminton-court,ayala-heights-badminton-court-pickleball-quezon-city.jpg,hero,0,images/venues/ayala-heights-badminton-court/ayala-heights-badminton-court-pickleball-quezon-city.jpg,234642
bacnotan-pickleball-club-first-ever-pb-court-in-bacnotan,bacnotan-pickleball-club-first-ever-pb-court-in-bacnotan.jpg,hero,0,images/venues/bacnotan-pickleball-club-first-ever-pb-court-in-bacnotan/bacnotan-pickleball-club-first-ever-pb-court-in-bacnotan.jpg,704314
bagong-bayan-picklers,bagong-bayan-picklers-pickleball-court-malolos-2.jpg,gallery,0,images/venues/bagong-bayan-picklers/bagong-bayan-picklers-pickleball-court-malolos-2.jpg,143719
bagong-bayan-picklers,bagong-bayan-picklers-pickleball-court-malolos-3.jpg,gallery,1,images/venues/bagong-bayan-picklers/bagong-bayan-picklers-pickleball-court-malolos-3.jpg,267297
banay-banay-pickleball,banay-banay-pickleball-court-lipa.jpg,hero,0,images/venues/banay-banay-pickleball/banay-banay-pickleball-court-lipa.jpg,550449
banay-banay-pickleball,banay-banay-pickleball-court-lipa-2.jpg,gallery,1,images/venues/banay-banay-pickleball/banay-banay-pickleball-court-lipa-2.jpg,445806
batangas-pickleball-arena,batangas-pickleball-arena-court-batangas-city.jpg,hero,0,images/venues/batangas-pickleball-arena/batangas-pickleball-arena-court-batangas-city.jpg,415536
bf-multi-purpose-court,bf-multi-purpose-court-pickleball-marikina.jpg,hero,0,images/venues/bf-multi-purpose-court/bf-multi-purpose-court-pickleball-marikina.jpg,112307
blue-ridge-pickleball-club,blue-ridge-pickleball-club-court-quezon-city.jpg,hero,0,images/venues/blue-ridge-pickleball-club/blue-ridge-pickleball-club-court-quezon-city.jpg,287056
bounce-at-parqal-mall-pickleball,bounce-at-parqal-mall-pickleball-court-paranaque.jpg,hero,0,images/venues/bounce-at-parqal-mall-pickleball/bounce-at-parqal-mall-pickleball-court-paranaque.jpg,107274
bounce-at-parqal-mall-pickleball,bounce-at-parqal-mall-pickleball-court-paranaque-2.jpg,gallery,1,images/venues/bounce-at-parqal-mall-pickleball/bounce-at-parqal-mall-pickleball-court-paranaque-2.jpg,80088
bravo-pickleball-vista-mall-bataan-balanga,bravo-pickleball-vista-mall-bataan-balanga-court.jpg,hero,0,images/venues/bravo-pickleball-vista-mall-bataan-balanga/bravo-pickleball-vista-mall-bataan-balanga-court.jpg,275924
bulacan-sports-complex,bulacan-sports-complex-pickleball-court-malolos.jpg,hero,0,images/venues/bulacan-sports-complex/bulacan-sports-complex-pickleball-court-malolos.jpg,598710
camsur-pickleball-club,camsur-pickleball-club-court-pili.jpg,hero,0,images/venues/camsur-pickleball-club/camsur-pickleball-club-court-pili.jpg,525626
casamor-la-union-bacnotan,casamor-la-union-bacnotan-pickleball-court.jpg,hero,0,images/venues/casamor-la-union-bacnotan/casamor-la-union-bacnotan-pickleball-court.jpg,123975
casamor-la-union-bacnotan,casamor-la-union-bacnotan-pickleball-court-2.jpg,gallery,1,images/venues/casamor-la-union-bacnotan/casamor-la-union-bacnotan-pickleball-court-2.jpg,225924
ccf-center-pickleball,ccf-center-pickleball-court-pasig.jpg,hero,0,images/venues/ccf-center-pickleball/ccf-center-pickleball-court-pasig.jpg,526984
ccf-center-pickleball,ccf-center-pickleball-court-pasig-2.jpg,gallery,1,images/venues/ccf-center-pickleball/ccf-center-pickleball-court-pasig-2.jpg,456531
celebrity-sports-club,celebrity-sports-club-pickleball-court-quezon-city.jpg,hero,0,images/venues/celebrity-sports-club/celebrity-sports-club-pickleball-court-quezon-city.jpg,201067
celebrity-sports-club,celebrity-sports-club-pickleball-court-quezon-city-2.jpg,gallery,1,images/venues/celebrity-sports-club/celebrity-sports-club-pickleball-court-quezon-city-2.jpg,264488
celebrity-sports-club,celebrity-sports-club-pickleball-court-quezon-city-3.jpg,gallery,2,images/venues/celebrity-sports-club/celebrity-sports-club-pickleball-court-quezon-city-3.jpg,238511
citywalk-badminton-sports-center,citywalk-badminton-sports-center-pickleball-court-malolos.jpg,hero,0,images/venues/citywalk-badminton-sports-center/citywalk-badminton-sports-center-pickleball-court-malolos.jpg,355101
conquest-sports,conquest-sports-pickleball-court-caloocan.jpg,hero,0,images/venues/conquest-sports/conquest-sports-pickleball-court-caloocan.jpg,38135
corinthian-gardens-pickleball-club,corinthian-gardens-pickleball-club-court-quezon-city.jpg,hero,0,images/venues/corinthian-gardens-pickleball-club/corinthian-gardens-pickleball-club-court-quezon-city.jpg,503569
cristy-hernandez-activity-center,cristy-hernandez-activity-center-pickleball-court-quezon-city.jpg,hero,0,images/venues/cristy-hernandez-activity-center/cristy-hernandez-activity-center-pickleball-court-quezon-city.jpg,87308
deca-mall-tondo-pickleball,deca-mall-tondo-pickleball-court-manila-tondo.jpg,hero,0,images/venues/deca-mall-tondo-pickleball/deca-mall-tondo-pickleball-court-manila-tondo.jpg,393834
dink-and-shot,dink-and-shot-pickleball-court-marikina.jpg,hero,0,images/venues/dink-and-shot/dink-and-shot-pickleball-court-marikina.jpg,683099
dink-and-shot,dink-and-shot-pickleball-court-marikina-2.jpg,gallery,1,images/venues/dink-and-shot/dink-and-shot-pickleball-court-marikina-2.jpg,79446
dink-and-shot,dink-and-shot-pickleball-court-marikina-3.jpg,gallery,2,images/venues/dink-and-shot/dink-and-shot-pickleball-court-marikina-3.jpg,607920
dink-drive-pickleball,dink-drive-pickleball-court-cavite.jpg,hero,0,images/venues/dink-drive-pickleball/dink-drive-pickleball-court-cavite.jpg,407590
dink-drive-pickleball,dink-drive-pickleball-court-cavite-2.jpg,gallery,1,images/venues/dink-drive-pickleball/dink-drive-pickleball-court-cavite-2.jpg,273430
dink-drive-pickleball,dink-drive-pickleball-court-cavite-3.jpg,gallery,2,images/venues/dink-drive-pickleball/dink-drive-pickleball-court-cavite-3.jpg,138860
dink-drive-pickleball,dink-drive-pickleball-court-cavite-4.jpg,gallery,3,images/venues/dink-drive-pickleball/dink-drive-pickleball-court-cavite-4.jpg,364488
divine-light-academy-las-pinas,divine-light-academy-las-pinas-pickleball-court-2.jpg,gallery,0,images/venues/divine-light-academy-las-pinas/divine-light-academy-las-pinas-pickleball-court-2.jpg,160795
dona-juana-subdivision-pickleball,dona-juana-subdivision-pickleball-court-pasig-2.jpg,gallery,0,images/venues/dona-juana-subdivision-pickleball/dona-juana-subdivision-pickleball-court-pasig-2.jpg,118176
dona-juana-subdivision-pickleball,dona-juana-subdivision-pickleball-court-pasig-3.jpg,gallery,1,images/venues/dona-juana-subdivision-pickleball/dona-juana-subdivision-pickleball-court-pasig-3.jpg,305800
dragonsmash,dragonsmash-pickleball-court-taguig.jpg,hero,0,images/venues/dragonsmash/dragonsmash-pickleball-court-taguig.jpg,77107
dragonsmash,dragonsmash-pickleball-court-taguig-2.jpg,gallery,1,images/venues/dragonsmash/dragonsmash-pickleball-court-taguig-2.jpg,91453
dragonsmash,dragonsmash-pickleball-court-taguig-3.jpg,gallery,2,images/venues/dragonsmash/dragonsmash-pickleball-court-taguig-3.jpg,48254
esj-pickleball-court,esj-pickleball-court-puerto-princesa-2.jpg,gallery,0,images/venues/esj-pickleball-court/esj-pickleball-court-puerto-princesa-2.jpg,604476
fairview-terraces-pickleball,fairview-terraces-pickleball-court-quezon-city.jpg,hero,0,images/venues/fairview-terraces-pickleball/fairview-terraces-pickleball-court-quezon-city.jpg,148816
filinvest-east-homes-pickleball-courts,filinvest-east-homes-pickleball-courts-cainta.jpg,hero,0,images/venues/filinvest-east-homes-pickleball-courts/filinvest-east-homes-pickleball-courts-cainta.jpg,108209
five-s-pickleball-general-mamerto-natividad,five-s-pickleball-general-mamerto-natividad-court.jpg,hero,0,images/venues/five-s-pickleball-general-mamerto-natividad/five-s-pickleball-general-mamerto-natividad-court.jpg,12641
five-s-pickleball-general-mamerto-natividad,five-s-pickleball-general-mamerto-natividad-court-2.jpg,gallery,1,images/venues/five-s-pickleball-general-mamerto-natividad/five-s-pickleball-general-mamerto-natividad-court-2.jpg,11864
flair-pickleball-club,flair-pickleball-club-court-mandaluyong.jpg,hero,0,images/venues/flair-pickleball-club/flair-pickleball-club-court-mandaluyong.jpg,823368
goldentop-sports-center-pandacan,goldentop-sports-center-pandacan-pickleball-court-manila.jpg,hero,0,images/venues/goldentop-sports-center-pandacan/goldentop-sports-center-pandacan-pickleball-court-manila.jpg,148269
goldentop-sports-center-pandacan,goldentop-sports-center-pandacan-pickleball-court-manila-2.jpg,gallery,1,images/venues/goldentop-sports-center-pandacan/goldentop-sports-center-pandacan-pickleball-court-manila-2.jpg,102273
gpark-playgrounds,gpark-playgrounds-pickleball-court-caloocan.jpg,hero,0,images/venues/gpark-playgrounds/gpark-playgrounds-pickleball-court-caloocan.jpg,69176
green-kitchen-pickleball,green-kitchen-pickleball-court-tarlac.jpg,hero,0,images/venues/green-kitchen-pickleball/green-kitchen-pickleball-court-tarlac.jpg,289877
hemady-sports-plaza,hemady-sports-plaza-pickleball-court-quezon-city-2.jpg,gallery,0,images/venues/hemady-sports-plaza/hemady-sports-plaza-pickleball-court-quezon-city-2.jpg,234580
hideout-pickleball-court,hideout-pickleball-court-cavite.jpg,hero,0,images/venues/hideout-pickleball-court/hideout-pickleball-court-cavite.jpg,184738
hideout-pickleball-court,hideout-pickleball-court-cavite-2.jpg,gallery,1,images/venues/hideout-pickleball-court/hideout-pickleball-court-cavite-2.jpg,292820
jcas-malolos,jcas-malolos-pickleball-court.jpg,hero,0,images/venues/jcas-malolos/jcas-malolos-pickleball-court.jpg,116522
john-hay-sports-pavilion,john-hay-sports-pavilion-pickleball-court-baguio.jpg,hero,0,images/venues/john-hay-sports-pavilion/john-hay-sports-pavilion-pickleball-court-baguio.jpg,715110
john-hay-sports-pavilion,john-hay-sports-pavilion-pickleball-court-baguio-2.jpg,gallery,1,images/venues/john-hay-sports-pavilion/john-hay-sports-pavilion-pickleball-court-baguio-2.jpg,157644
kalamandarin-pickleball-court,kalamandarin-pickleball-court-cabanatuan.jpg,hero,0,images/venues/kalamandarin-pickleball-court/kalamandarin-pickleball-court-cabanatuan.jpg,142126
kalamandarin-pickleball-court,kalamandarin-pickleball-court-cabanatuan-2.jpg,gallery,1,images/venues/kalamandarin-pickleball-court/kalamandarin-pickleball-court-cabanatuan-2.jpg,158947
kerry-sports-manila-pickleball,kerry-sports-manila-pickleball-court-bgc-taguig.jpg,hero,0,images/venues/kerry-sports-manila-pickleball/kerry-sports-manila-pickleball-court-bgc-taguig.jpg,337600
kingsville-hills-pickleball-club,kingsville-hills-pickleball-club-court-antipolo.jpg,hero,0,images/venues/kingsville-hills-pickleball-club/kingsville-hills-pickleball-club-court-antipolo.jpg,527280
lds-pickleball-valenzuela,lds-pickleball-valenzuela-court.jpg,hero,0,images/venues/lds-pickleball-valenzuela/lds-pickleball-valenzuela-court.jpg,162704
lds-pickleball-valenzuela,lds-pickleball-valenzuela-court-2.jpg,gallery,1,images/venues/lds-pickleball-valenzuela/lds-pickleball-valenzuela-court-2.jpg,488622
lumiere-pickleball-club,lumiere-pickleball-club-court-pasig-2.jpg,gallery,0,images/venues/lumiere-pickleball-club/lumiere-pickleball-club-court-pasig-2.jpg,200362
lumiere-pickleball-club,lumiere-pickleball-club-court-pasig-3.jpg,gallery,1,images/venues/lumiere-pickleball-club/lumiere-pickleball-club-court-pasig-3.jpg,102691
magallanes-village-association,magallanes-village-association-pickleball-court-makati.jpg,hero,0,images/venues/magallanes-village-association/magallanes-village-association-pickleball-court-makati.jpg,778959
makati-pickleball-club,makati-pickleball-club-court-2.jpg,gallery,0,images/venues/makati-pickleball-club/makati-pickleball-club-court-2.jpg,580987
makati-sports-club,makati-sports-club-pickleball-court.jpg,hero,0,images/venues/makati-sports-club/makati-sports-club-pickleball-court.jpg,77349
makati-sports-club,makati-sports-club-pickleball-court-2.jpg,gallery,1,images/venues/makati-sports-club/makati-sports-club-pickleball-court-2.jpg,104028
marikina-pickleballers,marikina-pickleballers-pickleball-court.jpg,hero,0,images/venues/marikina-pickleballers/marikina-pickleballers-pickleball-court.jpg,657270
market-market-pickleball-club,market-market-pickleball-club-court-bgc-taguig.jpg,hero,0,images/venues/market-market-pickleball-club/market-market-pickleball-club-court-bgc-taguig.jpg,1014090
market-market-pickleball-club,market-market-pickleball-club-court-bgc-taguig-2.jpg,gallery,1,images/venues/market-market-pickleball-club/market-market-pickleball-club-court-bgc-taguig-2.jpg,202747
market-market-pickleball-club,market-market-pickleball-club-court-bgc-taguig-3.jpg,gallery,2,images/venues/market-market-pickleball-club/market-market-pickleball-club-court-bgc-taguig-3.jpg,481822
market-market-pickleball-club,market-market-pickleball-club-court-bgc-taguig-4.jpg,gallery,3,images/venues/market-market-pickleball-club/market-market-pickleball-club-court-bgc-taguig-4.jpg,612576
marquee-place-sports-zone,marquee-place-sports-zone-pickleball-court-angeles.jpg,hero,0,images/venues/marquee-place-sports-zone/marquee-place-sports-zone-pickleball-court-angeles.jpg,255829
masey-pickleball-boracay-malay,masey-pickleball-boracay-malay-court.jpg,hero,0,images/venues/masey-pickleball-boracay-malay/masey-pickleball-boracay-malay-court.jpg,184644
meadowood-executive-village-pickleball-club,meadowood-executive-village-pickleball-club-court-bacoor.jpg,hero,0,images/venues/meadowood-executive-village-pickleball-club/meadowood-executive-village-pickleball-club-court-bacoor.jpg,421262
merville-covered-court,merville-covered-court-pickleball-paranaque-2.jpg,gallery,0,images/venues/merville-covered-court/merville-covered-court-pickleball-paranaque-2.jpg,16686
mission-hills-pickleball-club,mission-hills-pickleball-club-court-antipolo.jpg,hero,0,images/venues/mission-hills-pickleball-club/mission-hills-pickleball-club-court-antipolo.jpg,567451
mission-hills-pickleball-club,mission-hills-pickleball-club-court-antipolo-2.jpg,gallery,1,images/venues/mission-hills-pickleball-club/mission-hills-pickleball-club-court-antipolo-2.jpg,83763
mission-hills-pickleball-club,mission-hills-pickleball-club-court-antipolo-3.jpg,gallery,2,images/venues/mission-hills-pickleball-club/mission-hills-pickleball-club-court-antipolo-3.jpg,195766
narra-pickle-court,narra-pickle-court-san-jose-city.jpg,hero,0,images/venues/narra-pickle-court/narra-pickle-court-san-jose-city.jpg,663384
nawa-wellness-pickleball,nawa-wellness-pickleball-court-calatagan.jpg,hero,0,images/venues/nawa-wellness-pickleball/nawa-wellness-pickleball-court-calatagan.jpg,409642
nawa-wellness-pickleball,nawa-wellness-pickleball-court-calatagan-2.jpg,gallery,1,images/venues/nawa-wellness-pickleball/nawa-wellness-pickleball-court-calatagan-2.jpg,571870
neopolitan-brittany-pickleball-courts,neopolitan-brittany-pickleball-courts-quezon-city.jpg,hero,0,images/venues/neopolitan-brittany-pickleball-courts/neopolitan-brittany-pickleball-courts-quezon-city.jpg,113602
neopolitan-brittany-pickleball-courts,neopolitan-brittany-pickleball-courts-quezon-city-2.jpg,gallery,1,images/venues/neopolitan-brittany-pickleball-courts/neopolitan-brittany-pickleball-courts-quezon-city-2.jpg,116683
neopolitan-brittany-pickleball-courts,neopolitan-brittany-pickleball-courts-quezon-city-3.jpg,gallery,2,images/venues/neopolitan-brittany-pickleball-courts/neopolitan-brittany-pickleball-courts-quezon-city-3.jpg,95821
new-st-francis-pickleball-club,new-st-francis-pickleball-club-court-cainta-2.jpg,gallery,0,images/venues/new-st-francis-pickleball-club/new-st-francis-pickleball-club-court-cainta-2.jpg,180849
new-st-francis-village,new-st-francis-village-pickleball-court-cainta-2.jpg,gallery,0,images/venues/new-st-francis-village/new-st-francis-village-pickleball-court-cainta-2.jpg,457978
nspc-pickleball-courts,nspc-pickleball-courts-antipolo.jpg,hero,0,images/venues/nspc-pickleball-courts/nspc-pickleball-courts-antipolo.jpg,167156
oh-pickleball-court,oh-pickleball-court-mandaluyong.jpg,hero,0,images/venues/oh-pickleball-court/oh-pickleball-court-mandaluyong.jpg,77836
oh-pickleball-court,oh-pickleball-court-mandaluyong-2.jpg,gallery,1,images/venues/oh-pickleball-court/oh-pickleball-court-mandaluyong-2.jpg,496215
oh-pickleball-court,oh-pickleball-court-mandaluyong-3.jpg,gallery,2,images/venues/oh-pickleball-court/oh-pickleball-court-mandaluyong-3.jpg,911734
paddle-and-play-pickleball,paddle-and-play-pickleball-court-balayan.jpg,hero,0,images/venues/paddle-and-play-pickleball/paddle-and-play-pickleball-court-balayan.jpg,194260
paddle-and-play-pickleball,paddle-and-play-pickleball-court-balayan-2.jpg,gallery,1,images/venues/paddle-and-play-pickleball/paddle-and-play-pickleball-court-balayan-2.jpg,425973
palisade-pickleball-club,palisade-pickleball-club-court-san-juan.jpg,hero,0,images/venues/palisade-pickleball-club/palisade-pickleball-club-court-san-juan.jpg,183982
palisade-pickleball-club,palisade-pickleball-club-court-san-juan-2.jpg,gallery,1,images/venues/palisade-pickleball-club/palisade-pickleball-club-court-san-juan-2.jpg,202589
palms-country-club,palms-country-club-pickleball-court-muntinlupa-2.jpg,gallery,0,images/venues/palms-country-club/palms-country-club-pickleball-court-muntinlupa-2.jpg,137292
paradiso-verde-sport-center,paradiso-verde-sport-center-pickleball-court-labo.jpg,hero,0,images/venues/paradiso-verde-sport-center/paradiso-verde-sport-center-pickleball-court-labo.jpg,641109
paradiso-verde-sport-center,paradiso-verde-sport-center-pickleball-court-labo-2.jpg,gallery,1,images/venues/paradiso-verde-sport-center/paradiso-verde-sport-center-pickleball-court-labo-2.jpg,1340919
philippine-baptist-theological-seminary-pickleball-baguio,philippine-baptist-theological-seminary-pickleball-baguio-court-baguio-city.jpg,hero,0,images/venues/philippine-baptist-theological-seminary-pickleball-baguio/philippine-baptist-theological-seminary-pickleball-baguio-court-baguio-city.jpg,1196646
philippine-baptist-theological-seminary-pickleball-baguio,philippine-baptist-theological-seminary-pickleball-baguio-court-baguio-city-2.jpg,gallery,1,images/venues/philippine-baptist-theological-seminary-pickleball-baguio/philippine-baptist-theological-seminary-pickleball-baguio-court-baguio-city-2.jpg,1058489
pickle-play,pickle-play-court-cavite.jpg,hero,0,images/venues/pickle-play/pickle-play-court-cavite.jpg,86858
pickle-play,pickle-play-court-cavite-2.jpg,gallery,1,images/venues/pickle-play/pickle-play-court-cavite-2.jpg,134099
pickle-play,pickle-play-court-cavite-3.jpg,gallery,2,images/venues/pickle-play/pickle-play-court-cavite-3.jpg,190473
pickle-play,pickle-play-court-cavite-4.jpg,gallery,3,images/venues/pickle-play/pickle-play-court-cavite-4.jpg,707344
pickleball-camp-timberland-san-mateo,pickleball-camp-timberland-san-mateo-court.jpg,hero,0,images/venues/pickleball-camp-timberland-san-mateo/pickleball-camp-timberland-san-mateo-court.jpg,618996
pickleball-central-ph-pcph-pampanga,pickleball-central-ph-pcph-pampanga-court-angeles.jpg,hero,0,images/venues/pickleball-central-ph-pcph-pampanga/pickleball-central-ph-pcph-pampanga-court-angeles.jpg,636981
pickleball-central-ph-pcph-pampanga,pickleball-central-ph-pcph-pampanga-court-angeles-2.jpg,gallery,1,images/venues/pickleball-central-ph-pcph-pampanga/pickleball-central-ph-pcph-pampanga-court-angeles-2.jpg,511322
pickleball-central-ph-pcph-pampanga,pickleball-central-ph-pcph-pampanga-court-angeles-3.jpg,gallery,2,images/venues/pickleball-central-ph-pcph-pampanga/pickleball-central-ph-pcph-pampanga-court-angeles-3.jpg,67315
pickleball-east-dinkers-club-pedci,pickleball-east-dinkers-club-pedci-court-cainta.jpg,hero,0,images/venues/pickleball-east-dinkers-club-pedci/pickleball-east-dinkers-club-pedci-court-cainta.jpg,882567
pickleball-elites-sports-center,pickleball-elites-sports-center-court-cavite.jpg,hero,0,images/venues/pickleball-elites-sports-center/pickleball-elites-sports-center-court-cavite.jpg,602465
pickleball-elites-sports-center,pickleball-elites-sports-center-court-cavite-2.jpg,gallery,1,images/venues/pickleball-elites-sports-center/pickleball-elites-sports-center-court-cavite-2.jpg,274817
pickleball-elites-sports-center,pickleball-elites-sports-center-court-cavite-3.jpg,gallery,2,images/venues/pickleball-elites-sports-center/pickleball-elites-sports-center-court-cavite-3.jpg,353096
pickleball-hq-binan,pickleball-hq-binan-court.jpg,hero,0,images/venues/pickleball-hq-binan/pickleball-hq-binan-court.jpg,338403
pickleball-hq-binan,pickleball-hq-binan-court-2.jpg,gallery,1,images/venues/pickleball-hq-binan/pickleball-hq-binan-court-2.jpg,332268
pickleball-hq-binan,pickleball-hq-binan-court-3.jpg,gallery,2,images/venues/pickleball-hq-binan/pickleball-hq-binan-court-3.jpg,396004
pickleball-hub-tiendesitas,pickleball-hub-tiendesitas-court-pasig.jpg,hero,0,images/venues/pickleball-hub-tiendesitas/pickleball-hub-tiendesitas-court-pasig.jpg,641002
pickleball-hub-tiendesitas,pickleball-hub-tiendesitas-court-pasig-2.jpg,gallery,1,images/venues/pickleball-hub-tiendesitas/pickleball-hub-tiendesitas-court-pasig-2.jpg,431025
pickleball-mania-montalban,pickleball-mania-montalban-court-rodriguez.jpg,hero,0,images/venues/pickleball-mania-montalban/pickleball-mania-montalban-court-rodriguez.jpg,632113
pickleball-mania-montalban,pickleball-mania-montalban-court-rodriguez-2.jpg,gallery,1,images/venues/pickleball-mania-montalban/pickleball-mania-montalban-court-rodriguez-2.jpg,433951
pickleball-mania-montalban,pickleball-mania-montalban-court-rodriguez-3.jpg,gallery,2,images/venues/pickleball-mania-montalban/pickleball-mania-montalban-court-rodriguez-3.jpg,674860
pickleball-r-court-naga,pickleball-r-court-naga-naga-city.jpg,hero,0,images/venues/pickleball-r-court-naga/pickleball-r-court-naga-naga-city.jpg,539806
pickler-s-lounge-at-ayala-malls-cloverleaf,pickler-s-lounge-at-ayala-malls-cloverleaf-pickleball-court-quezon-city.jpg,hero,0,images/venues/pickler-s-lounge-at-ayala-malls-cloverleaf/pickler-s-lounge-at-ayala-malls-cloverleaf-pickleball-court-quezon-city.jpg,508690
pickler-s-lounge-at-ayala-malls-cloverleaf,pickler-s-lounge-at-ayala-malls-cloverleaf-pickleball-court-quezon-city-2.jpg,gallery,1,images/venues/pickler-s-lounge-at-ayala-malls-cloverleaf/pickler-s-lounge-at-ayala-malls-cloverleaf-pickleball-court-quezon-city-2.jpg,378239
pickler-s-lounge-at-ayala-malls-cloverleaf,pickler-s-lounge-at-ayala-malls-cloverleaf-pickleball-court-quezon-city-3.jpg,gallery,2,images/venues/pickler-s-lounge-at-ayala-malls-cloverleaf/pickler-s-lounge-at-ayala-malls-cloverleaf-pickleball-court-quezon-city-3.jpg,315080
pico-de-loro-beach-and-country-club-pickleball,pico-de-loro-beach-and-country-club-pickleball-court-nasugbu.jpg,hero,0,images/venues/pico-de-loro-beach-and-country-club-pickleball/pico-de-loro-beach-and-country-club-pickleball-court-nasugbu.jpg,112557
picolandia-pickleball-court-daraga,picolandia-pickleball-court-daraga.jpg,hero,0,images/venues/picolandia-pickleball-court-daraga/picolandia-pickleball-court-daraga.jpg,432894
playhouse-pickle,playhouse-pickle-court-bacoor.jpg,hero,0,images/venues/playhouse-pickle/playhouse-pickle-court-bacoor.jpg,907384
playhouse-pickle,playhouse-pickle-court-bacoor-2.jpg,gallery,1,images/venues/playhouse-pickle/playhouse-pickle-court-bacoor-2.jpg,562528
proving-grounds-sports-center,proving-grounds-sports-center-pickleball-court-pangasinan.jpg,hero,0,images/venues/proving-grounds-sports-center/proving-grounds-sports-center-pickleball-court-pangasinan.jpg,241804
proving-grounds-sports-center,proving-grounds-sports-center-pickleball-court-pangasinan-2.jpg,gallery,1,images/venues/proving-grounds-sports-center/proving-grounds-sports-center-pickleball-court-pangasinan-2.jpg,336694
proving-grounds-sports-center,proving-grounds-sports-center-pickleball-court-pangasinan-3.jpg,gallery,2,images/venues/proving-grounds-sports-center/proving-grounds-sports-center-pickleball-court-pangasinan-3.jpg,381113
racket-yard,racket-yard-pickleball-court-makati.jpg,hero,0,images/venues/racket-yard/racket-yard-pickleball-court-makati.jpg,111918
racket-yard,racket-yard-pickleball-court-makati-2.jpg,gallery,1,images/venues/racket-yard/racket-yard-pickleball-court-makati-2.jpg,72821
racket-yard,racket-yard-pickleball-court-makati-3.jpg,gallery,2,images/venues/racket-yard/racket-yard-pickleball-court-makati-3.jpg,80588
racket-yard,racket-yard-pickleball-court-makati-4.jpg,gallery,3,images/venues/racket-yard/racket-yard-pickleball-court-makati-4.jpg,81239
revel-grove-santa-rosa,revel-grove-santa-rosa-pickleball-court.jpg,hero,0,images/venues/revel-grove-santa-rosa/revel-grove-santa-rosa-pickleball-court.jpg,580251
revel-grove-santa-rosa,revel-grove-santa-rosa-pickleball-court-2.jpg,gallery,1,images/venues/revel-grove-santa-rosa/revel-grove-santa-rosa-pickleball-court-2.jpg,453362
revel-grove-santa-rosa,revel-grove-santa-rosa-pickleball-court-3.jpg,gallery,2,images/venues/revel-grove-santa-rosa/revel-grove-santa-rosa-pickleball-court-3.jpg,561082
robinsons-place-palawan-pickleball,robinsons-place-palawan-pickleball-court-puerto-princesa.jpg,hero,0,images/venues/robinsons-place-palawan-pickleball/robinsons-place-palawan-pickleball-court-puerto-princesa.jpg,60770
rockwell-club-amorsolo-square,rockwell-club-amorsolo-square-pickleball-court-makati.jpg,hero,0,images/venues/rockwell-club-amorsolo-square/rockwell-club-amorsolo-square-pickleball-court-makati.jpg,56178
rodriguez-rizal-pickleball-club-rrpc,rodriguez-rizal-pickleball-club-rrpc-court.jpg,hero,0,images/venues/rodriguez-rizal-pickleball-club-rrpc/rodriguez-rizal-pickleball-club-rrpc-court.jpg,244355
sampaloc-tanay-pickleball-club-barangay-gym,sampaloc-tanay-pickleball-club-barangay-gym-court.jpg,hero,0,images/venues/sampaloc-tanay-pickleball-club-barangay-gym/sampaloc-tanay-pickleball-club-barangay-gym-court.jpg,727605
san-pedro-pickleball-club-the-garage,san-pedro-pickleball-club-the-garage-court.jpg,hero,0,images/venues/san-pedro-pickleball-club-the-garage/san-pedro-pickleball-club-the-garage-court.jpg,293299
santa-maria-picklers,santa-maria-picklers-pickleball-court-2.jpg,gallery,0,images/venues/santa-maria-picklers/santa-maria-picklers-pickleball-court-2.jpg,189397
seha-pickleball-court,seha-pickleball-court-marikina.jpg,hero,0,images/venues/seha-pickleball-court/seha-pickleball-court-marikina.jpg,269154
sequoia-pickleball-club,sequoia-pickleball-club-court-taguig.jpg,hero,0,images/venues/sequoia-pickleball-club/sequoia-pickleball-club-court-taguig.jpg,100770
sm-center-antipolo-downtown,sm-center-antipolo-downtown-pickleball-court.jpg,hero,0,images/venues/sm-center-antipolo-downtown/sm-center-antipolo-downtown-pickleball-court.jpg,196453
sm-center-antipolo-downtown,sm-center-antipolo-downtown-pickleball-court-2.jpg,gallery,1,images/venues/sm-center-antipolo-downtown/sm-center-antipolo-downtown-pickleball-court-2.jpg,232455
sm-center-antipolo-downtown,sm-center-antipolo-downtown-pickleball-court-3.jpg,gallery,2,images/venues/sm-center-antipolo-downtown/sm-center-antipolo-downtown-pickleball-court-3.jpg,76446
sm-city-baguio-pickleball,sm-city-baguio-pickleball-court.jpg,hero,0,images/venues/sm-city-baguio-pickleball/sm-city-baguio-pickleball-court.jpg,14928
sm-city-baliwag-pickleball,sm-city-baliwag-pickleball-court.jpg,hero,0,images/venues/sm-city-baliwag-pickleball/sm-city-baliwag-pickleball-court.jpg,324620
sm-city-cabanatuan-pickleball,sm-city-cabanatuan-pickleball-court.jpg,hero,0,images/venues/sm-city-cabanatuan-pickleball/sm-city-cabanatuan-pickleball-court.jpg,182506
sm-city-cabanatuan-pickleball,sm-city-cabanatuan-pickleball-court-2.jpg,gallery,1,images/venues/sm-city-cabanatuan-pickleball/sm-city-cabanatuan-pickleball-court-2.jpg,206076
sm-mall-of-asia-pickleball-moa-music-hall-activity-center,sm-mall-of-asia-pickleball-moa-music-hall-activity-center-court-pasay.jpg,hero,0,images/venues/sm-mall-of-asia-pickleball-moa-music-hall-activity-center/sm-mall-of-asia-pickleball-moa-music-hall-activity-center-court-pasay.jpg,128703
smash-and-brew-pickleball-club,smash-and-brew-pickleball-club-court-antipolo-2.jpg,gallery,0,images/venues/smash-and-brew-pickleball-club/smash-and-brew-pickleball-club-court-antipolo-2.jpg,101888
smash-and-brew-pickleball-club,smash-and-brew-pickleball-club-court-antipolo-3.jpg,gallery,1,images/venues/smash-and-brew-pickleball-club/smash-and-brew-pickleball-club-court-antipolo-3.jpg,128410
smash-and-brew-pickleball-club,smash-and-brew-pickleball-club-court-antipolo-4.jpg,gallery,2,images/venues/smash-and-brew-pickleball-club/smash-and-brew-pickleball-club-court-antipolo-4.jpg,107125
smash-cab-badminton-and-fitness,smash-cab-badminton-and-fitness-pickleball-court-cabanatuan.jpg,hero,0,images/venues/smash-cab-badminton-and-fitness/smash-cab-badminton-and-fitness-pickleball-court-cabanatuan.jpg,102524
smash-cab-badminton-and-fitness,smash-cab-badminton-and-fitness-pickleball-court-cabanatuan-2.jpg,gallery,1,images/venues/smash-cab-badminton-and-fitness/smash-cab-badminton-and-fitness-pickleball-court-cabanatuan-2.jpg,57598
solaire-resort-north-outdoor-fitness-deck-pickleball,solaire-resort-north-outdoor-fitness-deck-pickleball-court-quezon-city.jpg,hero,0,images/venues/solaire-resort-north-outdoor-fitness-deck-pickleball/solaire-resort-north-outdoor-fitness-deck-pickleball-court-quezon-city.jpg,444201
solaire-resort-north-outdoor-fitness-deck-pickleball,solaire-resort-north-outdoor-fitness-deck-pickleball-court-quezon-city-2.jpg,gallery,1,images/venues/solaire-resort-north-outdoor-fitness-deck-pickleball/solaire-resort-north-outdoor-fitness-deck-pickleball-court-quezon-city-2.jpg,342205
solaire-sports-club-pickleball,solaire-sports-club-pickleball-court-paranaque.jpg,hero,0,images/venues/solaire-sports-club-pickleball/solaire-sports-club-pickleball-court-paranaque.jpg,383807
solaire-sports-club-pickleball,solaire-sports-club-pickleball-court-paranaque-2.jpg,gallery,1,images/venues/solaire-sports-club-pickleball/solaire-sports-club-pickleball-court-paranaque-2.jpg,307266
soldiers-hills-2-covered-courts,soldiers-hills-2-covered-courts-pickleball-las-pinas-2.jpg,gallery,0,images/venues/soldiers-hills-2-covered-courts/soldiers-hills-2-covered-courts-pickleball-las-pinas-2.jpg,411008
sorsogon-pickleball-arena,sorsogon-pickleball-arena-court-sorsogon-city.jpg,hero,0,images/venues/sorsogon-pickleball-arena/sorsogon-pickleball-arena-court-sorsogon-city.jpg,389827
sorsogon-pickleball-arena,sorsogon-pickleball-arena-court-sorsogon-city-2.jpg,gallery,1,images/venues/sorsogon-pickleball-arena/sorsogon-pickleball-arena-court-sorsogon-city-2.jpg,1064083
south-city-homes-recreation-center-schrc-pickleball,south-city-homes-recreation-center-schrc-pickleball-court-binan.jpg,hero,0,images/venues/south-city-homes-recreation-center-schrc-pickleball/south-city-homes-recreation-center-schrc-pickleball-court-binan.jpg,347205
subic-bay-yacht-club-pickleball,subic-bay-yacht-club-pickleball-court-olongapo.jpg,hero,0,images/venues/subic-bay-yacht-club-pickleball/subic-bay-yacht-club-pickleball-court-olongapo.jpg,188252
suburbia-east-tennis-court,suburbia-east-tennis-court-pickleball-marikina.jpg,hero,0,images/venues/suburbia-east-tennis-court/suburbia-east-tennis-court-pickleball-marikina.jpg,574576
sun-valley-estates-badminton-courts,sun-valley-estates-badminton-courts-pickleball-antipolo.jpg,hero,0,images/venues/sun-valley-estates-badminton-courts/sun-valley-estates-badminton-courts-pickleball-antipolo.jpg,86594
sunny-sideout-pickleball-court,sunny-sideout-pickleball-court-cavite.jpg,hero,0,images/venues/sunny-sideout-pickleball-court/sunny-sideout-pickleball-court-cavite.jpg,283954
sunny-sideout-pickleball-court,sunny-sideout-pickleball-court-cavite-2.jpg,gallery,1,images/venues/sunny-sideout-pickleball-court/sunny-sideout-pickleball-court-cavite-2.jpg,765941
sylvia-bf-homes,sylvia-bf-homes-pickleball-court-las-pinas.jpg,hero,0,images/venues/sylvia-bf-homes/sylvia-bf-homes-pickleball-court-las-pinas.jpg,431062
tg-residence-pickleball-stay-and-play,tg-residence-pickleball-stay-and-play-court-magalang.jpg,hero,0,images/venues/tg-residence-pickleball-stay-and-play/tg-residence-pickleball-stay-and-play-court-magalang.jpg,123096
tg-residence-pickleball-stay-and-play,tg-residence-pickleball-stay-and-play-court-magalang-3.jpg,gallery,1,images/venues/tg-residence-pickleball-stay-and-play/tg-residence-pickleball-stay-and-play-court-magalang-3.jpg,207973
the-3rd-shot-homecourt,the-3rd-shot-homecourt-pickleball-court-makati.jpg,hero,0,images/venues/the-3rd-shot-homecourt/the-3rd-shot-homecourt-pickleball-court-makati.jpg,59196
the-3rd-shot-homecourt,the-3rd-shot-homecourt-pickleball-court-makati-2.jpg,gallery,1,images/venues/the-3rd-shot-homecourt/the-3rd-shot-homecourt-pickleball-court-makati-2.jpg,66489
the-3rd-shot-homecourt,the-3rd-shot-homecourt-pickleball-court-makati-3.jpg,gallery,2,images/venues/the-3rd-shot-homecourt/the-3rd-shot-homecourt-pickleball-court-makati-3.jpg,171499
the-court-by-balara,the-court-by-balara-pickleball-quezon-city.jpg,hero,0,images/venues/the-court-by-balara/the-court-by-balara-pickleball-quezon-city.jpg,288977
the-court-by-balara,the-court-by-balara-pickleball-quezon-city-2.jpg,gallery,1,images/venues/the-court-by-balara/the-court-by-balara-pickleball-quezon-city-2.jpg,958656
the-dink-lab,the-dink-lab-pickleball-court-cavite.jpg,hero,0,images/venues/the-dink-lab/the-dink-lab-pickleball-court-cavite.jpg,164061
the-dink-lab,the-dink-lab-pickleball-court-cavite-2.jpg,gallery,1,images/venues/the-dink-lab/the-dink-lab-pickleball-court-cavite-2.jpg,135954
the-dink-lab,the-dink-lab-pickleball-court-cavite-3.jpg,gallery,2,images/venues/the-dink-lab/the-dink-lab-pickleball-court-cavite-3.jpg,181276
the-garden-pickleball-series,the-garden-pickleball-series-court-makati.jpg,hero,0,images/venues/the-garden-pickleball-series/the-garden-pickleball-series-court-makati.jpg,1046935
the-garden-pickleball-series,the-garden-pickleball-series-court-makati-2.jpg,gallery,1,images/venues/the-garden-pickleball-series/the-garden-pickleball-series-court-makati-2.jpg,1190261
the-mills-country-club-pickleball,the-mills-country-club-pickleball-court-calamba.jpg,hero,0,images/venues/the-mills-country-club-pickleball/the-mills-country-club-pickleball-court-calamba.jpg,352892
the-mills-country-club-pickleball,the-mills-country-club-pickleball-court-calamba-2.jpg,gallery,1,images/venues/the-mills-country-club-pickleball/the-mills-country-club-pickleball-court-calamba-2.jpg,399843
the-pickle-bloc,the-pickle-bloc-court-naga-city.jpg,hero,0,images/venues/the-pickle-bloc/the-pickle-bloc-court-naga-city.jpg,123973
the-pickle-spot-makati,the-pickle-spot-makati-court.jpg,hero,0,images/venues/the-pickle-spot-makati/the-pickle-spot-makati-court.jpg,157942
the-pickle-spot-makati,the-pickle-spot-makati-court-2.jpg,gallery,1,images/venues/the-pickle-spot-makati/the-pickle-spot-makati-court-2.jpg,125166
the-pickle-spot-makati,the-pickle-spot-makati-court-3.jpg,gallery,2,images/venues/the-pickle-spot-makati/the-pickle-spot-makati-court-3.jpg,79785
the-pickle-spot-makati,the-pickle-spot-makati-court-4.jpg,gallery,3,images/venues/the-pickle-spot-makati/the-pickle-spot-makati-court-4.jpg,328580
the-pickle-yard,the-pickle-yard-court-paranaque.jpg,hero,0,images/venues/the-pickle-yard/the-pickle-yard-court-paranaque.jpg,155752
the-pickle-yard,the-pickle-yard-court-paranaque-2.jpg,gallery,1,images/venues/the-pickle-yard/the-pickle-yard-court-paranaque-2.jpg,179276
the-pickle-yard,the-pickle-yard-court-paranaque-3.jpg,gallery,2,images/venues/the-pickle-yard/the-pickle-yard-court-paranaque-3.jpg,161313
the-pickle-yard,the-pickle-yard-court-paranaque-4.jpg,gallery,3,images/venues/the-pickle-yard/the-pickle-yard-court-paranaque-4.jpg,163801
the-pickle-yard-dasmarinas,the-pickle-yard-dasmarinas-court-cavite.jpg,hero,0,images/venues/the-pickle-yard-dasmarinas/the-pickle-yard-dasmarinas-court-cavite.jpg,192173
the-pickle-yard-dasmarinas,the-pickle-yard-dasmarinas-court-cavite-2.jpg,gallery,1,images/venues/the-pickle-yard-dasmarinas/the-pickle-yard-dasmarinas-court-cavite-2.jpg,539080
the-pickle-yard-dasmarinas,the-pickle-yard-dasmarinas-court-cavite-3.jpg,gallery,2,images/venues/the-pickle-yard-dasmarinas/the-pickle-yard-dasmarinas-court-cavite-3.jpg,291977
the-pickleball-club-nomo,the-pickleball-club-nomo-court-bacoor.jpg,hero,0,images/venues/the-pickleball-club-nomo/the-pickleball-club-nomo-court-bacoor.jpg,165063
the-pickleball-club-nomo,the-pickleball-club-nomo-court-bacoor-2.jpg,gallery,1,images/venues/the-pickleball-club-nomo/the-pickleball-club-nomo-court-bacoor-2.jpg,115208
the-pickleball-club-nomo,the-pickleball-club-nomo-court-bacoor-3.jpg,gallery,2,images/venues/the-pickleball-club-nomo/the-pickleball-club-nomo-court-bacoor-3.jpg,103200
the-pickleground-ph,the-pickleground-ph-pickleball-court-cavite.jpg,hero,0,images/venues/the-pickleground-ph/the-pickleground-ph-pickleball-court-cavite.jpg,176974
the-pickleground-ph,the-pickleground-ph-pickleball-court-cavite-2.jpg,gallery,1,images/venues/the-pickleground-ph/the-pickleground-ph-pickleball-court-cavite-2.jpg,191002
the-pickleground-ph,the-pickleground-ph-pickleball-court-cavite-3.jpg,gallery,2,images/venues/the-pickleground-ph/the-pickleground-ph-pickleball-court-cavite-3.jpg,179058
the-pickleground-ph,the-pickleground-ph-pickleball-court-cavite-4.jpg,gallery,3,images/venues/the-pickleground-ph/the-pickleground-ph-pickleball-court-cavite-4.jpg,159255
the-playground,the-playground-pickleball-court-bayambang.jpg,hero,0,images/venues/the-playground/the-playground-pickleball-court-bayambang.jpg,101772
the-smash-city-valenzuela-s-premier-pickleball-centre,the-smash-city-valenzuela-s-premier-pickleball-centre-court.jpg,hero,0,images/venues/the-smash-city-valenzuela-s-premier-pickleball-centre/the-smash-city-valenzuela-s-premier-pickleball-centre-court.jpg,432276
the-smash-city-valenzuela-s-premier-pickleball-centre,the-smash-city-valenzuela-s-premier-pickleball-centre-court-2.jpg,gallery,1,images/venues/the-smash-city-valenzuela-s-premier-pickleball-centre/the-smash-city-valenzuela-s-premier-pickleball-centre-court-2.jpg,323993
the-upper-deck-sports-center,the-upper-deck-sports-center-pickleball-court-pasig-2.jpg,gallery,0,images/venues/the-upper-deck-sports-center/the-upper-deck-sports-center-pickleball-court-pasig-2.jpg,567345
tru-grit-pickleball-court,tru-grit-pickleball-court-antipolo.jpg,hero,0,images/venues/tru-grit-pickleball-court/tru-grit-pickleball-court-antipolo.jpg,370283
tru-grit-pickleball-court,tru-grit-pickleball-court-antipolo-2.jpg,gallery,1,images/venues/tru-grit-pickleball-court/tru-grit-pickleball-court-antipolo-2.jpg,248379
upap,upap-pickleball-court-quezon-city-2.jpg,gallery,0,images/venues/upap/upap-pickleball-court-quezon-city-2.jpg,61526
valle-verde-pickleball-club,valle-verde-pickleball-club-court-pasig.jpg,hero,0,images/venues/valle-verde-pickleball-club/valle-verde-pickleball-club-court-pasig.jpg,570053
valle-verde-pickleball-club,valle-verde-pickleball-club-court-pasig-2.jpg,gallery,1,images/venues/valle-verde-pickleball-club/valle-verde-pickleball-club-court-pasig-2.jpg,232727
valle-verde-pickleball-club,valle-verde-pickleball-club-court-pasig-3.jpg,gallery,2,images/venues/valle-verde-pickleball-club/valle-verde-pickleball-club-court-pasig-3.jpg,166533
vensand-pickleball-hub,vensand-pickleball-hub-court-rodriguez.jpg,hero,0,images/venues/vensand-pickleball-hub/vensand-pickleball-hub-court-rodriguez.jpg,115145
village-sports-club,village-sports-club-pickleball-court-paranaque.jpg,hero,0,images/venues/village-sports-club/village-sports-club-pickleball-court-paranaque.jpg,163287
village-sports-club,village-sports-club-pickleball-court-paranaque-2.jpg,gallery,1,images/venues/village-sports-club/village-sports-club-pickleball-court-paranaque-2.jpg,517662
village-sports-club,village-sports-club-pickleball-court-paranaque-3.jpg,gallery,2,images/venues/village-sports-club/village-sports-club-pickleball-court-paranaque-3.jpg,158956
village-sports-club,village-sports-club-pickleball-court-paranaque-4.jpg,gallery,3,images/venues/village-sports-club/village-sports-club-pickleball-court-paranaque-4.jpg,189089
vital-mpact-gym-pickleball-cubao,vital-mpact-gym-pickleball-cubao-court-quezon-city.jpg,hero,0,images/venues/vital-mpact-gym-pickleball-cubao/vital-mpact-gym-pickleball-cubao-court-quezon-city.jpg,445905
whitewoods-pickleball-club,whitewoods-pickleball-club-court-cavite.jpg,hero,0,images/venues/whitewoods-pickleball-club/whitewoods-pickleball-club-court-cavite.jpg,155198
whitewoods-pickleball-club,whitewoods-pickleball-club-court-cavite-2.jpg,gallery,1,images/venues/whitewoods-pickleball-club/whitewoods-pickleball-club-court-cavite-2.jpg,168166
zone-sports-center,zone-sports-center-pickleball-court-makati.jpg,hero,0,images/venues/zone-sports-center/zone-sports-center-pickleball-court-makati.jpg,72389
zone-sports-center,zone-sports-center-pickleball-court-makati-2.jpg,gallery,1,images/venues/zone-sports-center/zone-sports-center-pickleball-court-makati-2.jpg,292919
zone-sports-center,zone-sports-center-pickleball-court-makati-3.jpg,gallery,2,images/venues/zone-sports-center/zone-sports-center-pickleball-court-makati-3.jpg,121916