pricing_id,venue_id,pricing_model,label,price,currency,days,time_start,time_end,duration_minutes,court_id,tier_audience,group_size_min,group_size_max,source_url,notes
ph-zone-sports-center-makati-p1,ph-zone-sports-center-makati,session_per_player,Per Player,200,PHP,,,,,,,,,https://www.pickleball.ph/uploads/1/2/5/9/125919777/places_to_play_10.25.23.pdf,PPF/open play pricing; separate event pricing may vary
ph-makati-pickleball-club-makati-p1,ph-makati-pickleball-club-makati,session_per_player,Per Player (Open Play Session),200,PHP,,,,,,,,,https://www.pickleball.ph/uploads/1/2/5/9/125919777/places_to_play_09.01.25.pdf,₱200/player club fee per pickleball.ph PDF. Reclub listings show ₱220 club fee + ₱80 entrance fee for similar open plays at The Zone. Fees paid via GCash (per Reclub listings: 09956581192) or BPI transfer. Price stacks on top of facility entrance.
ph-magallanes-village-association-makati-p1,ph-magallanes-village-association-makati,session_per_player,Per Player,200,PHP,,,,,,,,,https://www.pickleball.ph/uploads/1/2/5/9/125919777/places_to_play_05.15.24.pdf,Publicly listed one-time fee
ph-makati-sports-club-makati-p1,ph-makati-sports-club-makati,membership,Members only,,PHP,,,,,,,,,https://www.pickleball.ph/uploads/1/2/5/9/125919777/places_to_play_05.01.24.pdf,Invitation only / private access
ph-rockwell-club-amorsolo-square-makati-p1,ph-rockwell-club-amorsolo-square-makati,membership,Members only,,PHP,,,,,,,,,https://www.pickleheads.com/courts/ph/metro-manila/makati-city/rockwell-club-amorsolo-square,Private club pricing not public
ph-sequoia-pickleball-club-taguig-p1,ph-sequoia-pickleball-club-taguig,membership,Members only,,PHP,,,,,,,,,https://www.pickleheads.com/courts/ph/metro-manila/taguig/sequoia-pickleball-club,Private venue; pricing not public
ph-dragonsmash-taguig-p1,ph-dragonsmash-taguig,court_hour,Per Hour,350,PHP,,,,,,,,,https://www.pickleheads.com/courts/ph/metro-manila/taguig/dragonsmash,Publicly listed court rate
ph-pickleball-hub-tiendesitas-pasig-p1,ph-pickleball-hub-tiendesitas-pasig,court_hour,Per Session / Per Hour,150,PHP,,,,,,,,,https://www.pickleheads.com/courts/ph/metro-manila/pasig/tiendesitas,₱150/session per Pickleheads; pickleball.ph PDF lists ₱150-200 range. Booking via pickleballhub-vigor.com or Reclub.
ph-valle-verde-pickleball-club-pasig-p1,ph-valle-verde-pickleball-club-pasig,entry_fee,One-Time Fee,200,PHP,,,,,,,,,https://www.pickleball.ph/uploads/1/2/5/9/125919777/places_to_play_09.01.25.pdf,Verify directly with organizer
ph-north-south-pickleball-club-pasig-p1,ph-north-south-pickleball-club-pasig,membership,Members only,,PHP,,,,,,,,,https://www.pickleheads.com/courts/ph/metro-manila/pasig/north-south-pickleball-club,Private access only
ph-the-upper-deck-sports-center-pasig-p1,ph-the-upper-deck-sports-center-pasig,session_per_player,per Player,250,PHP,,,,,,,,,https://www.pickleball.ph/uploads/1/2/5/9/125919777/places_to_play_09.01.25.pdf,Verify directly with venue
ph-lumiere-pickleball-club-pasig-p1,ph-lumiere-pickleball-club-pasig,membership,Members only,,PHP,,,,,,,,,,Verify directly with admin / organizer
ph-the-pickle-yard-paranaque-p1,ph-the-pickle-yard-paranaque,court_hour,Per Court / Session,500,PHP,,,,,,,,,https://www.pickleheads.com/courts/ph/metro-manila/paranaque/the-pickle-yard-paranaque,Publicly listed pricing
ph-montecourt-merville-paranaque-p1,ph-montecourt-merville-paranaque,session_per_player,Per Session,250,PHP,,,,,,,,,https://www.pickleball.ph/uploads/1/2/5/9/125919777/places_to_play_09.01.25.pdf,Publicly listed rate
ph-merville-covered-court-paranaque-p1,ph-merville-covered-court-paranaque,session_per_player,Per Player,100,PHP,,,,,,,,,https://www.pickleheads.com/courts/ph/metro-manila/paranaque/camella-merville-covered-court,Publicly listed player fee
ph-village-sports-club-paranaque-p1,ph-village-sports-club-paranaque,session_per_player,Per Session,220,PHP,,,,,,,,,https://www.pickleheads.com/courts/ph/metro-manila/paranaque/village-sports-club,Publicly listed session fee
ph-celebrity-sports-club-quezon-city-p1,ph-celebrity-sports-club-quezon-city,membership,Members only,,PHP,,,,,,,,,https://www.celebritysportsclub.com/,Private access / member pricing not public
ph-upap-quezon-city-p1,ph-upap-quezon-city,session_per_player,Pay to Play,150,PHP,,,,,,,,,https://www.pickleball.ph/uploads/1/2/5/9/125919777/places_to_play_09.01.25.pdf,Verify directly with organizer / host group
ph-neopolitan-brittany-pickleball-courts-quezon-city-p1,ph-neopolitan-brittany-pickleball-courts-quezon-city,session_per_player,Play per session,200,PHP,,,,,,,,,pickleball.ph,Publicly listed in picklehead and picklebalal.ph
ph-blue-ridge-pickleball-club-quezon-city-p1,ph-blue-ridge-pickleball-club-quezon-city,session_per_player,Per Player,150,PHP,,,,,,,,,https://reclub.co/m/V4AUJ0,Pickleball.ph pdf says ₱150/player; Reclub also supports ₱150 for Wednesday morning open play
ph-corinthian-gardens-pickleball-club-quezon-city-p1,ph-corinthian-gardens-pickleball-club-quezon-city,session_per_player,Mixed,170,PHP,,,,,,,,,https://reclub.co/m/UUSAKU,"Pickleball.ph says ~₱170-220; current Reclub Friday DUPR Night shows ₱250/player, so confirm the current organizer/rate before final publishing"
ph-ayala-heights-badminton-court-quezon-city-p1,ph-ayala-heights-badminton-court-quezon-city,session_per_player,Per Player,250,PHP,,,,,,,,,https://www.pickleheads.com/courts/ph/metro-manila/quezon-city/ayala-heights-pickleball-court,Open play pricing / 250 says pickleheads and pickleball.ph
ph-alabang-country-club-muntinlupa-p1,ph-alabang-country-club-muntinlupa,membership,Members only,,PHP,,,,,,,,,https://acci.bambuagency.com/sports-recreation/,Private access / pricing not public
ph-palms-country-club-muntinlupa-p1,ph-palms-country-club-muntinlupa,membership,Members only,,PHP,,,,,,,,,,Private access / pricing not public need call
ph-the-dink-lab-cavite-p1,ph-the-dink-lab-cavite,session_per_player,Per Player,185,PHP,,,,,,,,,https://reclub.co/m/S486K6,Reclub event shows ₱185/player; other session prices vary by organizer/player count
ph-the-pickle-yard-dasmarinas-cavite-p1,ph-the-pickle-yard-dasmarinas-cavite,court_hour,Per Court / Hour,500,PHP,,,,,,,,,https://ticketwaveph.com/products/the-pickle-yard-dasma,Public booking pricing available
ph-the-pickleground-ph-cavite-p1,ph-the-pickleground-ph-cavite,session_per_player,Pay to Play,150,PHP,,,,,,,,,https://www.facebook.com/photo.php?fbid=1371446378327617&set=pb.100063868028468.-2207520000&type=3,Verify directly. Morning (7AM–12NN) PHP 150 – Member | PHP 180 – Non-Member Afternoon (12NN–6PM) PHP 170 – Member | PHP 200 – Non-Member Evening (6PM–12MN) PHP 200 – Member | PHP 250 – Non-Member
ph-pickle-play-cavite-p1,ph-pickle-play-cavite,session_per_player,Open Play Promo / Court Rental,300,PHP,,,,,,,,,https://reclub.co/clubs/@pickle-play-2,Soft opening open plays were free; intro court rental posted at ₱300/hr
ph-amadea-resort-and-pickleball-cavite-p1,ph-amadea-resort-and-pickleball-cavite,session_per_player,Per Head / Court Rental,100,PHP,,,,,,,,,https://www.facebook.com/groups/689554754963153/posts/2079711465947468/,Posted rates vary by time slot and promo; weekdays per head also advertised
ph-whitewoods-pickleball-club-cavite-p1,ph-whitewoods-pickleball-club-cavite,session_per_player,Per Player,150,PHP,,,,,,,,,https://www.facebook.com/groups/2723933654561525/posts/4367818036839737/,Community post notes ₱50 entrance fee may apply
ph-sm-center-antipolo-downtown-antipolo-p1,ph-sm-center-antipolo-downtown-antipolo,session_per_player,Per Player,150,PHP,,,,,,,,,https://www.pickleheads.com/courts/ph/calabarzon/antipolo/sm-center-antipolo-downtown,One-time play fee per Pickleheads
ph-kingsville-hills-pickleball-club-antipolo-p1,ph-kingsville-hills-pickleball-club-antipolo,session_per_player,Per Player,75,PHP,,,,,,,,,https://www.pickleheads.com/courts/ph/calabarzon/antipolo/kingsville-hills-pickleball-club,One-time fee per Pickleheads
ph-sun-valley-estates-badminton-courts-antipolo-p1,ph-sun-valley-estates-badminton-courts-antipolo,entry_fee,Shared Court Fee,200,PHP,,,,,,,,,https://www.pickleheads.com/courts/ph/calabarzon/antipolo/sun-valley-estates-badminton-courts,Shared fee per Pickleheads
ph-24-7-pickle-mandaluyong-mandaluyong-p1,ph-24-7-pickle-mandaluyong-mandaluyong,court_hour,Per Court / Hour,800,PHP,,,,,,,,,https://www.sparrk.ph/247pickle-mandaluyong/space/24-7-pickle-mandaluyong-3,Public booking rate available
ph-oh-pickleball-court-mandaluyong-p1,ph-oh-pickleball-court-mandaluyong,session_per_player,Per Player Open Play,250,PHP,,,,,,,,,https://reclub.co/m/Y1HWIN,Open play pricing publicly posted
ph-malamig-barangay-hall-mandaluyong-p1,ph-malamig-barangay-hall-mandaluyong,session_per_player,Per Player,100,PHP,,,,,,,,,https://reclub.co/m/87OAH5,Reclub event pricing posted
ph-meadowood-executive-village-pickleball-club-bacoor-p1,ph-meadowood-executive-village-pickleball-club-bacoor,session_per_player,Per Player,50,PHP,,,,,,,,,https://www.pickleheads.com/courts/ph/calabarzon/bacoor/meadow-wood-executive-village,Publicly listed visitor fee
ph-divine-light-academy-las-pinas-las-pinas-p1,ph-divine-light-academy-las-pinas-las-pinas,session_per_player,Per Player,200,PHP,,,,,,,,,https://www.pickleball.ph/uploads/1/2/5/9/125919777/places_to_play_09.01.25.pdf,₱200/player per pickleball.ph
ph-fitness-hub-las-pinas-p1,ph-fitness-hub-las-pinas,free,Free community play,0,PHP,,,,,,,,,https://www.pickleball.ph/uploads/1/2/5/9/125919777/places_to_play_09.01.25.pdf,Free to play per pickleball.ph
ph-sylvia-bf-homes-las-pinas-p1,ph-sylvia-bf-homes-las-pinas,session_per_player,Per Player,150,PHP,,,,,,,,,https://reclub.co/m/YO2347,₱150 per 4 hours per Reclub open plays; ₱150/player per pickleball.ph
ph-soldiers-hills-2-covered-courts-las-pinas-p1,ph-soldiers-hills-2-covered-courts-las-pinas,session_per_player,Per Player,120,PHP,,,,,,,,,https://www.pickleball.ph/uploads/1/2/5/9/125919777/places_to_play_09.01.25.pdf,₱120/player per pickleball.ph
ph-athlete-central-cainta-p1,ph-athlete-central-cainta,session_per_player,Per Player,200,PHP,,,,,,,,,https://booking.page/en/company/page/athletecentral,"₱200-₱250 per player (open play); ₱1,500/hr for private group (up to 20). KTV rooms fully consumable."
ph-filinvest-east-homes-pickleball-courts-cainta-p1,ph-filinvest-east-homes-pickleball-courts-cainta,session_per_player,Per Player,120,PHP,,,,,,,,,https://www.pickleball.ph/uploads/1/2/5/9/125919777/places_to_play_09.01.25.pdf,₱120 or ₱200 tier per pickleball.ph (likely different rates for residents vs guests)
ph-greenland-village-pickleball-cainta-p1,ph-greenland-village-pickleball-cainta,session_per_player,Per Player,60,PHP,,,,,,,,,https://www.pickleball.ph/uploads/1/2/5/9/125919777/places_to_play_09.01.25.pdf,₱60/player — one of the most affordable rates in Metro East
ph-new-st-francis-pickleball-club-cainta-p1,ph-new-st-francis-pickleball-club-cainta,session_per_player,Per Player,10,PHP,,,,,,,,,https://www.pickleball.ph/uploads/1/2/5/9/125919777/places_to_play_09.01.25.pdf,₱10/player — effectively nominal; community club pricing
ph-new-st-francis-village-cainta-p1,ph-new-st-francis-village-cainta,session_per_player,Per Player,100,PHP,,,,,,,,,https://www.pickleball.ph/uploads/1/2/5/9/125919777/places_to_play_09.01.25.pdf,₱100/player per pickleball.ph
ph-pickleball-east-dinkers-club-pedci-cainta-p1,ph-pickleball-east-dinkers-club-pedci-cainta,session_per_player,Per Player,50,PHP,,,,,,,,,https://www.pickleheads.com/courts/ph/calabarzon/cainta/pedci-pickleball-courts,One-time ₱50/player fee per Pickleheads
ph-bulacan-sports-complex-malolos-p1,ph-bulacan-sports-complex-malolos,free,Free community play,0,PHP,,,,,,,,,https://www.pickleball.ph/uploads/1/2/5/9/125919777/places_to_play_09.01.25.pdf,Latest PDF shows Free; earlier listing showed ₱30/player — confirm with contact.
ph-bagong-bayan-picklers-malolos-p1,ph-bagong-bayan-picklers-malolos,session_per_player,Per Player,20,PHP,,,,,,,,,https://www.pickleball.ph/uploads/1/2/5/9/125919777/places_to_play_09.01.25.pdf,₱20/player — one of the most affordable in the province
ph-citywalk-badminton-sports-center-malolos-p1,ph-citywalk-badminton-sports-center-malolos,session_per_player,Per Player,100,PHP,,,,,,,,,https://www.pickleheads.com/courts/ph/central-luzon/malolos/citywalk-badminton-sports-center,₱100/player per Pickleheads and pickleball.ph
ph-jcas-malolos-malolos-p1,ph-jcas-malolos-malolos,session_per_player,Per Player,150,PHP,,,,,,,,,https://booking.page/en/company/page/jcassportsalley,₱150/player per pickleball.ph. Online booking includes ₱20 processor fee.
ph-sm-city-baliwag-pickleball-baliwag-p1,ph-sm-city-baliwag-pickleball-baliwag,free,Free community play,0,PHP,,,,,,,,,https://www.pickleball.ph/uploads/1/2/5/9/125919777/places_to_play_09.01.25.pdf,Free per pickleball.ph PDF
ph-bf-multi-purpose-court-marikina-p1,ph-bf-multi-purpose-court-marikina,session_per_player,Per Player,150,PHP,,,,,,,,,https://www.pickleball.ph/uploads/1/2/5/9/125919777/places_to_play_09.01.25.pdf,₱150/player per pickleball.ph
ph-dink-and-shot-marikina-p1,ph-dink-and-shot-marikina,session_per_player,Per Player (Open Play),200,PHP,,,,,,,,,https://booking.page/en/company/page/dinkandshot,₱200/head open play + ₱100 entrance pass via Reclub sessions; ₱250/player per PDF
ph-marikina-pickleballers-marikina-p1,ph-marikina-pickleballers-marikina,session_per_player,Per Player,150,PHP,,,,,,,,,https://www.pickleball.ph/uploads/1/2/5/9/125919777/places_to_play_09.01.25.pdf,₱150/player per pickleball.ph
ph-picklehaus-marikina-marikina-p1,ph-picklehaus-marikina-marikina,session_per_player,Per Player,150,PHP,,,,,,,,,https://www.pickleball.ph/uploads/1/2/5/9/125919777/places_to_play_09.01.25.pdf,₱150/player per pickleball.ph
ph-seha-pickleball-court-marikina-p1,ph-seha-pickleball-court-marikina,session_per_player,Per Player,150,PHP,,,,,,,,,https://www.pickleball.ph/uploads/1/2/5/9/125919777/places_to_play_09.01.25.pdf,₱150/player per pickleball.ph
ph-suburbia-east-tennis-court-marikina-p1,ph-suburbia-east-tennis-court-marikina,session_per_player,Per Player,150,PHP,,,,,,,,,https://www.pickleball.ph/uploads/1/2/5/9/125919777/places_to_play_09.01.25.pdf,₱150/player per pickleball.ph
ph-twinville-civic-center-marikina-p1,ph-twinville-civic-center-marikina,session_per_player,Per Player,150,PHP,,,,,,,,,https://www.pickleball.ph/uploads/1/2/5/9/125919777/places_to_play_09.01.25.pdf,₱150/player per pickleball.ph
ph-reina-regente-tennis-club-tondo-pickleball-manila-tondo-p1,ph-reina-regente-tennis-club-tondo-pickleball-manila-tondo,session_per_player,Per Player,150,PHP,,,,,,,,,https://reclub.co/m/UTUGBU,Public Reclub listing
ph-deca-mall-tondo-pickleball-manila-tondo-p1,ph-deca-mall-tondo-pickleball-manila-tondo,session_per_player,Per Player,100,PHP,,,,,,,,,https://reclub.co/m/8Q7KWL,Public Reclub listing
ph-sm-mall-of-asia-pickleball-moa-music-hall-activity-center-pasay-p1,ph-sm-mall-of-asia-pickleball-moa-music-hall-activity-center-pasay,entry_fee,Tournament Registration,6000,PHP,,,,,,,,,https://www.tobys.com/pages/sm-pickleball-superseries-mall-of-asia-leg-2,"Event-based only. SM Pickleball SuperSeries MOA Leg: ₱6,000 early bird / ₱6,800 regular per team. Spectator access usually free during tournaments."
ph-gpark-playgrounds-caloocan-p1,ph-gpark-playgrounds-caloocan,session_per_player,Per Player (Open Play),300,PHP,,,,,,,,,https://reclub.co/m/JVGLBY,₱300/player for CPC-organized open plays (bring your own paddle; rental on request).
ph-conquest-sports-caloocan-p1,ph-conquest-sports-caloocan,court_hour,Per Hour (Court Rental),250,PHP,,,,,,,,,https://www.spot.ph/things-to-do/weekend-guides/107056/pickleball-courts-in-metro-manila-a3412-20231112,₱250/hour fixed rate; no entrance fee; reservations via Facebook
ph-esj-pickleball-court-puerto-princesa-p1,ph-esj-pickleball-court-puerto-princesa,court_hour,Per Hour,250,PHP,,,,,,,,,https://www.pickleball.ph/uploads/1/2/5/9/125919777/places_to_play_09.01.25.pdf,₱250/hour per pickleball.ph PDF
ph-actifit-sports-center-valenzuela-p1,ph-actifit-sports-center-valenzuela,session_per_player,Per Player,150,PHP,,,,,,,,,https://www.pickleheads.com/courts/ph/metro-manila/valenzuela/actifit-sports-complex,₱150/player per Pickleheads and pickleball.ph
ph-lds-pickleball-valenzuela-valenzuela-p1,ph-lds-pickleball-valenzuela-valenzuela,free,Free community play,0,PHP,,,,,,,,,https://www.pickleball.ph/uploads/1/2/5/9/125919777/places_to_play_09.01.25.pdf,Free per pickleball.ph PDF
ph-meycauayan-sports-complex-pickleball-not-verified-meycauayan-p1,ph-meycauayan-sports-complex-pickleball-not-verified-meycauayan,entry_fee,Entrance Fee,10,PHP,,,,,,,,,,₱10 general entrance fee; no pickleball-specific program or rates found
ph-marquee-place-sports-zone-angeles-p1,ph-marquee-place-sports-zone-angeles,membership,Members only,,PHP,,,,,,,,,https://www.pickleball.ph/uploads/1/2/5/9/125919777/places_to_play_09.01.25.pdf,Invitation-only venue per pickleball.ph PDF — public rental not available
ph-south-city-homes-recreation-center-schrc-pickleball-binan-p1,ph-south-city-homes-recreation-center-schrc-pickleball-binan,session_per_player,Per Player (One-time Fee),200,PHP,,,,,,,,,https://www.pickleheads.com/courts/ph/calabarzon/binan/south-city-homes-recreation-center,₱200/player one-time fee per Pickleheads. Reclub club membership is free.
ph-pickleball-hq-binan-binan-p1,ph-pickleball-hq-binan-binan,session_per_player,Per Player (Open Play) / Per Court Hour (Rental),200,PHP,,,,,,,,,https://www.pickleheads.com/courts/ph/calabarzon/binan/pickleball-hq,"Court rental ₱500/court/hour standard, ₱600/court/hour from 6pm. Open Plays ₱200-275/player. Per Pickleheads listing."
ph-the-mills-country-club-pickleball-calamba-p1,ph-the-mills-country-club-pickleball-calamba,membership,Members only,,PHP,,,,,,,,,https://www.pickleball.ph/uploads/1/2/5/9/125919777/places_to_play_09.01.25.pdf,Private club — membership or guest access required. Contact for current rates. | p175 Nonie Llanes 0920-982-3245
ph-solaire-resort-north-outdoor-fitness-deck-pickleball-quezon-city-p1,ph-solaire-resort-north-outdoor-fitness-deck-pickleball-quezon-city,membership,Members only,Hotel rate,PHP,,,,,,,,,https://sn.solaireresort.com/experience/health-club,"Complimentary for in-house guests including paddle and ball rental, lockers, wellness facility access. Up to 4 invited non-in-house guests free. Maximum 8 players per registered room."
ph-solaire-sports-club-pickleball-paranaque-p1,ph-solaire-sports-club-pickleball-paranaque,court_hour,Per Hour (Court Rental),1000,PHP,,,,,,,,,https://sec.solaireresort.com/experience/solaire-sports-club,"Walk-ins: PHP 1,200/hour. In-house Solaire guests: PHP 1,000/hour. Both rates good for up to 4 players. Max 2 additional players at PHP 200/person each. PHP 500 non-refundable reservation fee required to confirm booking (will be applied to your bill on visit). Racket rental PHP 200/person (complimentary for Sports Club members)."
ph-vital-mpact-gym-pickleball-cubao-quezon-city-p1,ph-vital-mpact-gym-pickleball-cubao-quezon-city,session_per_player,Per Reclub OP Session | check fb posted,250,PHP,,,,,,,,,https://reclub.co/m/PSBNJL,"Check Reclub event/can book directly to their fb account, prices is publicly posted."
ph-the-court-by-balara-quezon-city-p1,ph-the-court-by-balara-quezon-city,court_hour,Per Hour / Per Session,0917,PHP,,,,,,,,,Contact to verify,Pricing not in public PB directories. Contact 0917 539 4822 directly.
ph-hemady-sports-plaza-quezon-city-p1,ph-hemady-sports-plaza-quezon-city,session_per_player,Per Player (One-time Fee),150,PHP,,,,,,,,,https://www.pickleheads.com/courts/ph/metro-manila/quezon-city/hemady-sports-plaza,PHP 150 one-time fee per Pickleheads. Reservations not specified. Walk-in friendly per Pickleheads listing.
ph-kerry-sports-manila-pickleball-taguig-p1,ph-kerry-sports-manila-pickleball-taguig,membership,Members only,Premium hotel rates,PHP,,,,,,,,,https://www.shangri-la.com/manila/shangrila/services/recreation/,Upscale pricing per Tripzilla. Verify with Shangri-La Manila reservations.
ph-the-garden-pickleball-series-makati-p1,ph-the-garden-pickleball-series-makati,free,Free community play,0,PHP,,,,,,,,,https://www.philstar.com/lifestyle/2025/08/23/2466880/ayala-car-free-sundays-add-pickleball-3x3-basketball-courts,FREE Car-Free Sunday activation. Book via Make It Makati page.
ph-paddle-and-play-pickleball-balayan-p1,ph-paddle-and-play-pickleball-balayan,session_per_player,Per Player (One-time Fee),150,PHP,,,,,,,,,https://www.pickleheads.com/courts/ph/calabarzon/balayan/paddle-and-play-pickleball,₱150 one-time fee per player per Pickleheads.
ph-pico-de-loro-beach-and-country-club-pickleball-nasugbu-p1,ph-pico-de-loro-beach-and-country-club-pickleball-nasugbu,membership,Members only,Membership required,PHP,,,,,,,,,https://www.clubshares.net/clubinfo/pdlbc.html,Private members-only facility. Club shares traded via GG&A Club Shares (clubshares.net/clubinfo/pdlbc.html).
ph-philippine-baptist-theological-seminary-pickleball-baguio-baguio-city-p1,ph-philippine-baptist-theological-seminary-pickleball-baguio-baguio-city,session_per_player,Per Player Per Session,150,PHP,,,,,,,,,https://www.pickleball.ph/uploads/1/2/5/9/125919777/places_to_play_09.01.25.pdf,PHP 150/player flat rate per pickleball.ph official PDF. 'A few hundred pesos for court fee and paddle fee' per Wanderlog (paddle rental separate). Court fees support PBTS scholars (70% per Wanderlog).
ph-sm-city-baguio-pickleball-baguio-p1,ph-sm-city-baguio-pickleball-baguio,session_per_player,Per Head (Open Play),250,PHP,,,,,,,,,https://www.smsupermalls.com/whats-new/lifestyle/pickleball-is-here-sm-supermalls-introduces-permanent-courts-for-everyday-fun,"Standard SM Active Hub pricing: ~₱250/head open play, ~₱450/hour court rental based on SM Sta Mesa/Bicutan/Marikina rates. SM Baguio-specific rates may vary. Confirm via SM Tickets app."
ph-john-hay-sports-pavilion-baguio-p1,ph-john-hay-sports-pavilion-baguio,membership,Members only,Minimal fee,PHP,,,,,,,,,https://amiananbalitangayon.com/john-hay-sports-pavilion-now-open-to-public/,No membership fee — only a minimal facility use fee. Exact rates: contact John Hay Hotels or visit on-site.
ph-proving-grounds-sports-center-pangasinan-p1,ph-proving-grounds-sports-center-pangasinan,session_per_player,Per Person (Open Play),100,PHP,,,,,,,,,https://reclub.co/m/KKEUT0,₱100/person Wednesday Open Play. Pay GCash 0917 814 6111 (Nancy B.). Paid slots non-transferable; no refunds for no-shows.
ph-asingan-paddlers-pickleball-club-asingan-p1,ph-asingan-paddlers-pickleball-club-asingan,free,Free community play,0,PHP,,,,,,,,,https://www.pickleball.ph/uploads/1/2/5/9/125919777/places_to_play_09.01.25.pdf,FREE community access — call Coach Jonathan Jover to coordinate schedule.
ph-the-playground-bayambang-p1,ph-the-playground-bayambang,session_per_player,Per Player,180,PHP,,,,,,,,,https://reclub.co/m/CPX0AP,₱180/player BPL All-Level Open Play. Pay via Coach EA on Reclub.
ph-narra-pickle-court-san-jose-city-p1,ph-narra-pickle-court-san-jose-city,session_per_player,Per Player,150,PHP,,,,,,,,,https://reclub.co/m/HE1X1H,₱150/player Monday and Tuesday 5pm Open Plays. Pay via Reclub to host Chukoy.
ph-metro-vigan-pickleball-club-vigan-city-p1,ph-metro-vigan-pickleball-club-vigan-city,session_per_player,Per Player,50,PHP,,,,,,,,,https://reclub.co/m/OUG438,₱50/player Wednesday 5pm Daily Open Play — one of the most affordable verified PB rates in PH.
ph-santa-maria-picklers-santa-maria-p1,ph-santa-maria-picklers-santa-maria,free,Free community play,0,PHP,,,,,,,,,https://reclub.co/clubs/@santa-maria-picklers,"FREE community access — 'No court fees, just bring your paddle and balls.' Tournaments have entry fees (e.g., 1st SMP Invitational ₱250)."
ph-kalamandarin-pickleball-court-cabanatuan-p1,ph-kalamandarin-pickleball-court-cabanatuan,session_per_player,per head,150,PHP,,,,,,,,,https://www.pickleheads.com/courts/ph/central-luzon/cabanatuan-city/kalamandarin-pickleball-court,150 per head (franklin x40 ball included)
ph-subic-bay-yacht-club-pickleball-olongapo-p1,ph-subic-bay-yacht-club-pickleball-olongapo,membership,Members only,Membership / guest fees,PHP,,,,,,,,,Contact for pickleball-specific rates.,Yacht club — membership or guest access required. Contact for pickleball-specific rates.
ph-sm-city-cabanatuan-pickleball-cabanatuan-p1,ph-sm-city-cabanatuan-pickleball-cabanatuan,free,Free community play,0,PHP,,,,,,,,,https://punto.com.ph/serve-smash-repeat-pickleball-now-at-sm-city-cabanatuan/,Currently FREE to play — a perfect chance to try out' per Punto Central Luzon September 2025. May change to standard SM Active Hub rates (~₱250/head) in future.
ph-camella-covered-court-pickleball-nueva-ecija-p1,ph-camella-covered-court-pickleball-nueva-ecija,session_per_player,Per Player,50,PHP,,,,,,,,,Unknown,PPF / Master Luzon List
ph-smash-cab-badminton-and-fitness-cabanatuan-p1,ph-smash-cab-badminton-and-fitness-cabanatuan,session_per_player,Per Player (One-time Fee),200,PHP,,,,,,,,,https://www.pickleheads.com/courts/ph/central-luzon/cabanatuan-city/smash-cab-badminton-and-fitness,One-time fee per player — contact Facebook for current rates
ph-five-s-pickleball-general-mamerto-natividad-p1,ph-five-s-pickleball-general-mamerto-natividad,free,Free community play,0,PHP,,,,,,,,,https://www.pickleball.ph/uploads/1/2/5/9/125919777/places_to_play_09.01.25.pdf,FREE community access. Call Coach Librado Santos at 0917-681-7001 to coordinate schedule.
ph-bacnotan-pickleball-club-first-ever-pb-court-in-bacnotan-p1,ph-bacnotan-pickleball-club-first-ever-pb-court-in-bacnotan,court_hour,Per Player (Open Play) / Per Hour (Court Rental),150,PHP,,,,,,,,,https://reclub.co/m/GCMRT0,Open Play 6PM-10PM daily PHP 150/player. Court Rental PHP 200/hr (<4 players) or PHP 50/head (4+ players). Succeeding hours PHP 200/hr. GCash 0917 188 3164 for payment.
ph-casamor-la-union-bacnotan-p1,ph-casamor-la-union-bacnotan,membership,Members only,Per Airbnb booking (whole-house),PHP,,,,,,,,,https://www.airbnb.com/rooms/1030025267188529880,Whole-house Airbnb rental with PB court included. Up to 15 guests capacity. Check Airbnb listing for current rates and availability.
ph-pickleball-r-court-naga-naga-city-p1,ph-pickleball-r-court-naga-naga-city,free,Free community play,0,PHP,,,,,,,,,check fb post,Free play (confirmed by mall post).
ph-sorsogon-pickleball-arena-sorsogon-city-p1,ph-sorsogon-pickleball-arena-sorsogon-city,session_per_player,Per session,150,PHP,,,,,,,,,https://reclub.co/clubs/%40sorsogon-pickleball-arena,Typical open play fee ~₱150/head based on event listings.
ph-mira-nila-clubhouse-pickleball-quezon-city-p1,ph-mira-nila-clubhouse-pickleball-quezon-city,session_per_player,Per Player Per Open Play Session,170,PHP,,,,,,,,,https://reclub.co/m/QYDZQU,PHP 170/player per Saturday OP session (Reclub event QYDZQU). Paddle rental PHP 50 (very affordable). PAYMENT FIRST CONFIRMS SLOT - upload proof of payment in Reclub. Payments TRANSFERABLE but NON-REFUNDABLE. Cancellation: 12-hr freeze time before forfeiting; player can offer slot to waitlist instead. Payment to GCash 0917-127-9179 (Sidneyrose Alymer G. Manuel).
ph-masey-pickleball-boracay-malay-p1,ph-masey-pickleball-boracay-malay,court_hour,Per session / hourly,130,PHP,,,,,,,,,https://www.pickleheads.com/courts/ph/western-visayas/malay/masey-pickleball,Community posts mention ~₱150 open play while Pickleheads lists ₱300/hour court fee.
ph-activate-sports-ph-lucena-lucena-city-p1,ph-activate-sports-ph-lucena-lucena-city,court_hour,Per hour,400,PHP,,,,,,,,,https://www.facebook.com/activatesportsphlucena/posts/learn-pickleball-with-certified-coaches-and-play-on-our-premium-court-here-at-ac/122147624474733399/,Official FB post lists pickleball court rental at ₱400/hour.
ph-pickleball-camp-timberland-san-mateo-p1,ph-pickleball-camp-timberland-san-mateo,session_per_player,Per player / hourly,200,PHP,,,,,,,,,https://reclub.co/clubs/@timberland-pickleball-club-tpc | https://www.timberlandresort.com/offers/2025-sports-leisure-rates,Reclub events show ₱200-250/player open play while official Timberland resort rates list ₱400/hour per court.
ph-rodriguez-rizal-pickleball-club-rrpc-rodriguez-p1,ph-rodriguez-rizal-pickleball-club-rrpc-rodriguez,session_per_player,Per Player Per Open Play Session,150,PHP,,,,,,,,,https://reclub.co/m/QQZM2C,"Sunday OP PHP 150/player + paddle rental PHP 50. PAYMENT POLICY: 'No Pay No Play, No Show No Refund, payments non-refundable. Payment deadline 24hrs before date of play. If you cannot come, you can sell your slot to other players.' Cash or GCash payment - GCash 09485641730 (PAUL JOSEPH L.). Upload proof of payment in Reclub chat with name and +1 names on receipt. RRPC DRILLS at separate Vensand Pickleball Hub: PHP 1,000 Beginners Training Fee."
ph-vensand-pickleball-hub-rodriguez-p1,ph-vensand-pickleball-hub-rodriguez,session_per_player,Per Head (AC OP),250,PHP,,,,,,,,,https://reclub.co/m/QIRU7E | https://reclub.co/m/2BF4XR,"₱250/head AC OP. Beginner Training ₱1000 (Mon 6-8pm or Thu 8-10am). Paddle rental ₱50, ball rental ₱20.NOTE: PHP 1,000 reflects structured BEGINNERS TRAINING (drills/lessons), higher than typical OP rates because includes coaching content."
ph-pickleball-mania-montalban-rodriguez-p1,ph-pickleball-mania-montalban-rodriguez,court_hour,unlimited per person 100php,100,PHP,,,,,,,,,https://www.facebook.com/reel/2166790977415915,"Unlimited play ₱100 per person or rent a court at ₱200 per hour
Paddle rental is ₱50."
ph-richmond-angono-tennis-court-angono-p1,ph-richmond-angono-tennis-court-angono,session_per_player,Per Player (One-time Fee),50,PHP,,,,,,,,,https://www.pickleheads.com/courts/ph/calabarzon/angono/richmond-angono-tennis-court,"₱50/player Pickleheads base. APC OP: ₱60 Richmond homeowners, ₱90 APC Members, ₱130 Non-members. Indoor Covered Court: ₱80/player. Extension fee 9-10PM: +₱40."
ph-sampaloc-tanay-pickleball-club-barangay-gym-tanay-p1,ph-sampaloc-tanay-pickleball-club-barangay-gym-tanay,free,Free community play,0,PHP,,,,,,,,,https://www.pickleball.ph/uploads/1/2/5/9/125919777/places_to_play_09.01.25.pdf,FREE TO PLAY confirmed by both Pickleheads + pickleball.ph PDF (Tier 1 dual-source). Contact James Umali (0928-725-2737) for participation.
ph-athlete-central-ph-cainta-p1,ph-athlete-central-ph-cainta,session_per_player,Per Player Per Open Play Session,200,PHP,,,,,,,,,https://reclub.co/m/ECXQZ1,"OP pricing varies by club: PHP 200/player (Back of House Tickle my Pickle beginner-friendly), PHP 300/player (Pro Court 7-11PM via Billy Arceo). Payment GCash: 09771773535 (Wella De Leon) or 09282378306 (D.K.Z.S). Payment first then confirmed to play (typical Reclub OP policy). No-shows non-refundable but transferable/sellable."
ph-abra-high-school-gym-bangued-p1,ph-abra-high-school-gym-bangued,session_per_player,Open Play · Walk-in,50,PHP,mon|wed|fri,17:00,19:30,,,walk_in,,,https://www.pickleball.ph/uploads/1/2/5/9/125919777/places_to_play_09.01.25.pdf,"2 Indoor Courts · quote: Abra High School Gym Natividad St. Bangued Abra Bangued 2 Indoor Courts MWF, 5p-7:30p p50/player June Vinuan"
ph-activate-sports-ph-one-ayala-makati-p1,ph-activate-sports-ph-one-ayala-makati,court_hour,Standard Rate,1100,PHP,,10:00,21:00,60,,,,,https://www.facebook.com/p/Activate-One-Ayala-61572980083102/,Listed on Venyu.ph as 'Regular Hours' rate; venue is marked Unverified on Venyu · quote: Standard Rate ₱1100/hour · Regular Hours · 10:00 AM – 9:00 PM
ph-athlete-central-cainta-p2,ph-athlete-central-cainta,court_hour,Pickleball Court,500,PHP,,,,60,,,,,https://www.pickleheads.com/courts/ph/calabarzon/cainta,Standard pickleball court rental · quote: Pickleball 60 min ... ₱500.00
ph-athlete-central-cainta-p3,ph-athlete-central-cainta,court_hour,Pickleball Pro Court (USAPA Hard Floor),600,PHP,,,,60,,,,,https://www.pickleheads.com/courts/ph/calabarzon/cainta,Tournament-grade USAPA hard floor surface; exceptional ball bounce and consistent speed · quote: Pickleball Pro Court (Hard Floor) ... ₱600.00 ... Enjoy a true tournament-grade playing surface built to official USAPA standards.
ph-athlete-central-cainta-p4,ph-athlete-central-cainta,court_hour,Family Court (Pickleball or Badminton),750,PHP,,,,60,,,,,https://www.pickleheads.com/courts/ph/calabarzon/cainta,"Extra-wide court suitable for families and groups; can be used for Pickleball or Badminton · quote: Family Court – Best for Families & Groups 60 min ... ₱750.00 ... Enjoy extra space for the whole family or friends, perfect for Pickleball or Badminton."
ph-athlete-central-ph-cainta-p2,ph-athlete-central-ph-cainta,session_per_player,Tickle my Pickle · Back of House (Beginner Open Play),200,PHP,tue,21:00,01:00,240,,walk_in,,22,https://reclub.co/m/ECXQZ1 (event); search Reclub for ongoing club page,"Night owl beginner-friendly open play, Courts #5 & 6. Max 22 pax. GCash payment first to confirm: +639282378306 (D.K.Z.S). This was a specific dated event (Mar 10); recurrence not confirmed. · quote: Price: 200/person … Time: 9 PM to 1 AM … PAX: Max of 22 only"
ph-athlete-central-ph-cainta-p3,ph-athlete-central-ph-cainta,session_per_player,Pro Court Open Play · Billy Arceo,300,PHP,,19:00,23:00,240,,walk_in,,,https://reclub.co/m/ECXQZ1 (event); search Reclub for ongoing club page,Rate sourced from legacy normaliser notes only — no live source page confirmed. Court label 'Pro Court'. GCash: 09771773535 (Wella De Leon). · quote: PHP 300/player (Pro Court 7-11PM via Billy Arceo)
ph-bacnotan-pickleball-club-first-ever-pb-court-in-bacnotan-p2,ph-bacnotan-pickleball-club-first-ever-pb-court-in-bacnotan,session_per_player,Open Play · Per Player,150,PHP,,18:00,22:00,,,walk_in,,,https://reclub.co/m/GCMRT0,"Daily 6PM–10PM open play schedule. Honesty Court — payment via GCash 0917 188 3164. · quote: Open Play Schedule: • Daily, 6 PM – 10 PM • ₱150 per player"
ph-bacnotan-pickleball-club-first-ever-pb-court-in-bacnotan-p3,ph-bacnotan-pickleball-club-first-ever-pb-court-in-bacnotan,court_hour,Court Rental · Below 4 Players,200,PHP,,,,60,,walk_in,1,3,https://reclub.co/m/GCMRT0,Court reservation rate for small groups. Payment via GCash 0917 188 3164. · quote: Court Reservation Rates: • ₱200/hour for groups below 4 players
ph-bacnotan-pickleball-club-first-ever-pb-court-in-bacnotan-p4,ph-bacnotan-pickleball-club-first-ever-pb-court-in-bacnotan,session_per_player,Court Rental · 4+ Players (Per Head),50,PHP,,,,60,,walk_in,4,,https://reclub.co/m/GCMRT0,Per-head rate when group is 4 or more players. Payment via GCash 0917 188 3164. · quote: Court Reservation Rates: • ₱50/head for groups 4 players and above
ph-bacnotan-pickleball-club-first-ever-pb-court-in-bacnotan-p5,ph-bacnotan-pickleball-club-first-ever-pb-court-in-bacnotan,court_hour,Succeeding Hours,200,PHP,,,,60,,walk_in,,,https://reclub.co/m/GCMRT0,Rate for hours beyond the open play session block. · quote: Succeeding hours: ₱200/hour
ph-banay-banay-pickleball-lipa-p1,ph-banay-banay-pickleball-lipa,session_per_player,Open Play Session (6 hrs),250,PHP,wed|fri|sat,16:00,22:00,360,,,,,https://reclub.co/clubs/@banay-banay-pickleball,Session is 4PM–10PM (6 hours) based on Reclub activity listings; price sourced from Facebook post. · quote: 6 HOURS OF OPEN PLAY for ONLY ₱250!
ph-blue-ridge-pickleball-club-quezon-city-p2,ph-blue-ridge-pickleball-club-quezon-city,session_per_player,Wednesday Open Play (8AM-12NN),150,PHP,wed,08:00,12:00,240,,,,,https://reclub.co/m/V4AUJ0,"Recurring every Wednesday, hosted by Blue Ridge Pickleball Club at Blue Ridge B Multi-Purpose Gym · quote: Open Play 8am to 12 noon ... Per Player $150.00"
ph-ccf-center-pickleball-pasig-p1,ph-ccf-center-pickleball-pasig,session_per_player,Open Play · Walk-in,200,PHP,fri,18:30,21:30,180,,walk_in,,,https://www.pickleball.ph/uploads/1/2/5/9/125919777/places_to_play_09.01.25.pdf,"6 courts total: 4 open play, 2 coaching. Contact: Kenneth Ti 0917-808-3809 · quote: CCF Center 7/F, CCF Gym, Ortigas Ave cor C5 Pasig NCR 6 4 open play, 2 coaching Fri, 630p-930p p200/player Kenneth Ti"
ph-corinthian-gardens-pickleball-club-quezon-city-p2,ph-corinthian-gardens-pickleball-club-quezon-city,session_per_player,Friday DUPR Night · Walk-in / Non-resident,250,PHP,fri,18:00,22:00,240,,walk_in,,27,https://reclub.co/m/UUSAKU,4-hour DUPR rated open play session. Max 27 players. Payment via GCash or BDO to Jason Bangayan required to confirm slot. Cut-off Friday 4PM. No cancellation/refund from Thursday onwards. · quote: Fee: P250
ph-corinthian-gardens-pickleball-club-quezon-city-p3,ph-corinthian-gardens-pickleball-club-quezon-city,session_per_player,Friday DUPR Night · Corinthian Gardens Resident,180,PHP,fri,18:00,22:00,240,,homeowner,,27,https://reclub.co/m/UUSAKU,Discounted rate for Corinthian Gardens residents. Same 4-hour DUPR session. Payment required to confirm slot. · quote: Residents pay only P180
ph-dink-and-shot-marikina-p2,ph-dink-and-shot-marikina,session_per_player,Open Play · Per Player (Impact Open Play),200,PHP,sat,15:00,18:00,180,,,,,https://reclub.co/m/0G68MD,Court fee per head for organised open play session; paid via Gcash. Entrance pass of ₱100 required on top. · quote: court fee is only P200 per head which can be paid to Gcash number 09163180208
ph-dink-and-shot-marikina-p3,ph-dink-and-shot-marikina,entry_fee,Venue entrance pass,100,PHP,,,,,,,,,https://reclub.co/m/0G68MD,Required per player; allows arrival 1 hour before and stay 1 hour after court reservation. Purchased via dinkandshot.com booking. · quote: The venue also requires each player to purchase an entrance pass of P100 which allows you to arrive 1 hour before the court reservation and 1 hour after.
ph-dragonsmash-taguig-p2,ph-dragonsmash-taguig,court_hour,Court rental,350,PHP,,,,60,,,,,https://www.pickleheads.com/courts/ph/metro-manila/taguig/dragonsmash,Indoor wood and acrylic courts; portable nets available. Booking required via website. · quote: 350 per hour
ph-fairview-terraces-pickleball-quezon-city-p1,ph-fairview-terraces-pickleball-quezon-city,session_per_player,Open Play · BYO Paddle,100,PHP,mon|tue|wed|thu|fri|sat|sun,17:00,21:00,,,walk_in,,,https://www.facebook.com/FairviewTerraces/posts/enjoy-the-fast-paced-addictively-fun-sport-of-pickleball-at-ayala-malls-fairview/738981808817983/,Bring your own paddle · quote: PHP 100/head – bring your own paddle
ph-fairview-terraces-pickleball-quezon-city-p2,ph-fairview-terraces-pickleball-quezon-city,session_per_player,Open Play · Paddle Provided,150,PHP,mon|tue|wed|thu|fri|sat|sun,17:00,21:00,,,walk_in,,,https://www.facebook.com/FairviewTerraces/posts/enjoy-the-fast-paced-addictively-fun-sport-of-pickleball-at-ayala-malls-fairview/738981808817983/,Paddle provided by venue · quote: PHP 150/head – paddle provided
ph-fairview-terraces-pickleball-quezon-city-p3,ph-fairview-terraces-pickleball-quezon-city,court_hour,Court Rental · 2 Players,250,PHP,mon|tue|wed|thu|fri|sat|sun,10:00,17:00,60,,walk_in,2,2,https://www.facebook.com/FairviewTerraces/posts/enjoy-the-fast-paced-addictively-fun-sport-of-pickleball-at-ayala-malls-fairview/738981808817983/,Rate is per court per hour for 2 players · quote: 2 players – PHP 250
ph-fairview-terraces-pickleball-quezon-city-p4,ph-fairview-terraces-pickleball-quezon-city,court_hour,Court Rental · 3 Players,300,PHP,mon|tue|wed|thu|fri|sat|sun,10:00,17:00,60,,walk_in,3,3,https://www.facebook.com/FairviewTerraces/posts/enjoy-the-fast-paced-addictively-fun-sport-of-pickleball-at-ayala-malls-fairview/738981808817983/,Rate is per court per hour for 3 players · quote: 3 players – PHP 300
ph-fairview-terraces-pickleball-quezon-city-p5,ph-fairview-terraces-pickleball-quezon-city,court_hour,Court Rental · 4 Players,350,PHP,mon|tue|wed|thu|fri|sat|sun,10:00,17:00,60,,walk_in,4,4,https://www.facebook.com/FairviewTerraces/posts/enjoy-the-fast-paced-addictively-fun-sport-of-pickleball-at-ayala-malls-fairview/738981808817983/,Rate is per court per hour for 4 players · quote: 4 players – PHP 350
ph-fairview-terraces-pickleball-quezon-city-p6,ph-fairview-terraces-pickleball-quezon-city,free,Free Open Court & Court Rentals via Reclub (July promo),0,PHP,,,,,,,,,https://www.facebook.com/FairviewTerraces/posts/enjoy-the-fast-paced-addictively-fun-sport-of-pickleball-at-ayala-malls-fairview/738981808817983/,Promotional offer for the whole month of July only; register via Reclub · quote: Register via Reclub for FREE open court and court rentals for the whole month of July
ph-filinvest-east-homes-pickleball-courts-cainta-p2,ph-filinvest-east-homes-pickleball-courts-cainta,session_per_player,Open play (lower tier),120,PHP,mon|wed|fri|sat,,,,,,,,https://www.pickleball.ph/uploads/1/2/5/9/125919777/places_to_play_09.01.25.pdf,"Two-tier pricing ₱120/₱200 per player; tier audience not specified on source (likely resident vs guest) · quote: Filinvest East Homes Pickleball Courts ... MWFSa, 6:30a-8:30a; 4p-9p p120/200"
ph-filinvest-east-homes-pickleball-courts-cainta-p3,ph-filinvest-east-homes-pickleball-courts-cainta,session_per_player,Open play (higher tier),200,PHP,mon|wed|fri|sat,,,,,,,,https://www.pickleball.ph/uploads/1/2/5/9/125919777/places_to_play_09.01.25.pdf,"Two-tier pricing ₱120/₱200 per player; tier audience not specified on source (likely resident vs guest) · quote: Filinvest East Homes Pickleball Courts ... MWFSa, 6:30a-8:30a; 4p-9p p120/200"
ph-five-s-pickleball-general-mamerto-natividad-p2,ph-five-s-pickleball-general-mamerto-natividad,free,Community play (free),0,PHP,,,,,,,,,https://www.pickleball.ph/uploads/1/2/5/9/125919777/places_to_play_09.01.25.pdf,"3x weekly schedule; call to coordinate. Contact: Librado Santos 0917-681-7001 · quote: Five-S Pickleball General Mamerto Natividad Nueva Ecija 3 Covered Courts 3x weekly, Call for schedule Free Librado 0917-681-7001 libradosantos817@gmail.com"
ph-jcas-malolos-malolos-p2,ph-jcas-malolos-malolos,court_hour,1 Hour Pickleball Court Rental (online),320,PHP,,,,60,,walk_in,,,https://www.pickleball.ph/uploads/1/2/5/9/125919777/places_to_play_09.01.25.pdf,Online booking rate is inclusive of ₱20.00 online processor fee; base court rate is effectively ₱300/hr · quote: 1 Hour PICKLEBALL Court Rental ... Online Booking rate is inclusive of Php20.00 online processor fee. ... Price: ₱320.00
ph-jcas-malolos-malolos-p3,ph-jcas-malolos-malolos,session_per_player,Open Play Session · Per Player,150,PHP,tue|thu|sat,17:00,21:00,,,walk_in,,,https://www.pickleball.ph/uploads/1/2/5/9/125919777/places_to_play_09.01.25.pdf,"From pickleball.ph directory listing · quote: JCAS Malolos City Bulacan NCR 2 Indoor Courts Tue, Thu, Sat, 5p-9p p150 Jennalyn Tumale"
ph-makati-pickleball-club-makati-p2,ph-makati-pickleball-club-makati,session_per_player,Open play,200,PHP,tue|thu,10:00,13:00,,,,,,https://www.pickleball.ph/uploads/1/2/5/9/125919777/places_to_play_09.01.25.pdf,"Held at 7224 Malugay St., cor Buendia (shared with The Zone Sports Center) · quote: Makati Pickleball Club 7224 Malugay St., cor Buendia Makati NCR 6 Indoor Courts Tue/Thu, 10a-1p p200/player"
ph-mira-nila-clubhouse-pickleball-quezon-city-p2,ph-mira-nila-clubhouse-pickleball-quezon-city,session_per_player,Saturday Open Play,170,PHP,sat,09:00,13:00,240,,walk_in,,34,https://reclub.co/clubs/@the-pickling-zone,"3 lined courts, max 34 players. Rental paddles available for ₱50 extra. Payment via GCash; slot confirmed only after uploading proof of payment. Payments transferable but non-refundable. 12-hr freeze time applies for cancellations. · quote: Open Play is just ₱170 per player, making it easy to enjoy competitive games, meet fellow enthusiasts, and be part of a growing pickleball community."
ph-mira-nila-clubhouse-pickleball-quezon-city-p3,ph-mira-nila-clubhouse-pickleball-quezon-city,entry_fee,Paddle Rental,50,PHP,sat,09:00,13:00,,,,,,https://reclub.co/clubs/@the-pickling-zone,Optional paddle rental add-on; not required if you bring your own. · quote: Rental paddles are available for only ₱50
ph-one-serendra-pickleball-club-bgc-taguig-p1,ph-one-serendra-pickleball-club-bgc-taguig,session_per_player,Evening Open Play · Per Player,100,PHP,tue,20:00,22:00,120,,walk_in,,,https://reclub.co/m/IXKZUF,"Beginner to Intermediate. Pickleballs provided; bring own paddle. Payment via GCash. No walk-ins — pre-payment required to be added to guest list. Minimum 8 players or event may be cancelled and refunded. One Serendra Palm Tower basement, 2 courts reserved. · quote: 💸 ₱100 per person for 2hrs"
ph-pal-sports-center-pasig-p1,ph-pal-sports-center-pasig,free,Open Play (Mon–Fri Morning),0,PHP,mon|tue|wed|thu|fri,08:00,12:00,,,,,,https://www.pickleball.ph/uploads/1/2/5/9/125919777/places_to_play_09.01.25.pdf,"2 Indoor Courts · quote: PAL Sports Center Nicols Road Pasay NCR 2 Indoor Courts Mon-Fri, 8a-12nn Free Renzo Zafra"
ph-paradiso-verde-sport-center-labo-p1,ph-paradiso-verde-sport-center-labo,court_hour,Pickleball Court Rental (Covered),250,PHP,,,,60,,,,,https://www.sparrk.ph/paradiso-verde/space/open-play-paradiso-verde-pickleball-court,Covered court. Rate announced as part of new court launch. · quote: Pickleball (Covered Court – only ₱250/hour!)
ph-paradiso-verde-sport-center-labo-p2,ph-paradiso-verde-sport-center-labo,session_per_player,Open Play Session,180,PHP,,14:00,19:00,300,,walk_in,,,https://www.sparrk.ph/paradiso-verde/space/open-play-paradiso-verde-pickleball-court,Part of Paradiso Verde soft launch. Open rotation/Dink & Drink format. Limited slots. Sparrk listing marked Temporarily Closed at time of extraction. · quote: Open Play Starts at ₱180 … 2pm - 7pm ₱180 35 left
ph-paradiso-verde-sport-center-labo-p3,ph-paradiso-verde-sport-center-labo,entry_fee,Resort Entrance Fee (Guest/Plus One),150,PHP,,,,,,guest,,,https://www.sparrk.ph/paradiso-verde/space/open-play-paradiso-verde-pickleball-court,"Applies to any companion/guest who needs to enter the resort grounds to accompany a booked player. · quote: If you have a plus one or a guest, they will need to pay an entrance fee of ₱150 to enter the resort."
ph-pickle-play-cavite-p2,ph-pickle-play-cavite,session_per_player,Morning Open Play,150,PHP,,07:00,12:00,300,,walk_in,,,https://kudoscourts.ph/venues/pickle-play,All Levels; Skill-based Matching; up to 6 courts available · quote: ☀️ FRI Morning Open Play | 7AM - 12NN | ₱150 | All Levels | 6 COURTS | Skill-based Matching
ph-pickle-play-cavite-p3,ph-pickle-play-cavite,session_per_player,Afternoon Open Play,150,PHP,,13:00,18:00,300,,walk_in,,,https://kudoscourts.ph/venues/pickle-play,All Levels; Skill-based Matching; up to 4 courts available · quote: ⛅️ FRI Afternoon Open Play | 1:00PM-6:00PM | ₱150 | 4 COURTS | All Levels | Skill-based Matching
ph-pickle-play-cavite-p4,ph-pickle-play-cavite,session_per_player,Night Open Play,200,PHP,,18:00,23:00,300,,walk_in,,,https://kudoscourts.ph/venues/pickle-play,All Levels; Skill-based Matching; up to 6 courts available · quote: 🌙 FRI Night Open Play | 6:00PM - 11:00PM | ₱200 | 6 COURTS | All Levels | Skill-based Matching
ph-pickle-play-cavite-p5,ph-pickle-play-cavite,session_per_player,Beginner to Intermediate Drill Session,300,PHP,mon|fri,14:00,17:00,180,,walk_in,,,https://kudoscourts.ph/venues/pickle-play,Appears on Mon and Fri in upcoming schedule; may run other days as well · quote: Beginner to Intermediate Drill Sessions | 2pm - 5pm | ₱300
ph-pickleball-hub-tiendesitas-pasig-p2,ph-pickleball-hub-tiendesitas-pasig,session_per_player,Open play session (per player),150,PHP,,,,,,walk_in,,,https://reclub.co/clubs/@tiendesitas,Legacy notes reference a ₱150–200 range from pickleball.ph PDF; upper tier not recoverable from available sources. Pickleheads describes this as a one-time fee required to play. · quote: p150 per session
ph-pickler-s-lounge-at-ayala-malls-cloverleaf-quezon-city-p1,ph-pickler-s-lounge-at-ayala-malls-cloverleaf-quezon-city,session_per_player,Sunday Open Play · 4 hours · 3 courts,275,PHP,sun,10:00,14:00,240,,walk_in,,30,https://reclub.co/m/412074,"Win-lose format. 3 air-conditioned indoor courts. Max 30 confirmed players; waitlisted players must not pay until accepted. Slot may be sold to another player if unable to attend. Court shoes and protective eyewear required. Hosted by Court Hoppers. · quote: Per Player
$275.00

OPEN PLAY at 3 air-conditioned courts. Win-lose format to facilitate playing with various players and learning from different playing styles/skills.

10am-2pm
4 hours"
ph-richmond-angono-tennis-court-angono-p2,ph-richmond-angono-tennis-court-angono,session_per_player,APC Open Play · Member (4-8 PM),60,PHP,wed,16:00,20:00,,,member,,,https://reclub.co/m/L9CUXB,Fees include unlimited ball use. Paddle stacking rules apply. · quote: Fees (4-8 PM) ₱60 - Members
ph-richmond-angono-tennis-court-angono-p3,ph-richmond-angono-tennis-court-angono,session_per_player,APC Open Play · Non-member (4-8 PM),100,PHP,wed,16:00,20:00,,,non_member,,,https://reclub.co/m/L9CUXB,Fees include unlimited ball use. Paddle stacking rules apply. · quote: ₱100 - Non-members
ph-richmond-angono-tennis-court-angono-p4,ph-richmond-angono-tennis-court-angono,session_per_player,Extension Fee (9-10 PM),40,PHP,wed,21:00,22:00,60,,,,,https://reclub.co/m/L9CUXB,Add-on to base open play fee · quote: Extension Fee (9-10 PM) ₱40 per player
ph-sampaloc-tanay-pickleball-club-barangay-gym-tanay-p2,ph-sampaloc-tanay-pickleball-club-barangay-gym-tanay,free,Free open play · Weekend,0,PHP,sat|sun,13:00,16:00,,,walk_in,,,https://www.pickleheads.com/courts/ph/calabarzon/tanay/sampaloc-tanay-pickleball-club,"2 covered courts at Barangay Gym. Contact James Umali (0928-725-2737) for participation. · quote: Sampaloc Tanay Pickleball Club Barangay Gym Tanay Rizal 2 Covered Courts Sat/Sun, 1p-4p Free James Umali 0928-725-2737"
ph-santa-maria-picklers-santa-maria-p2,ph-santa-maria-picklers-santa-maria,free,Daily Open Play,0,PHP,,,,,,walk_in,,,https://reclub.co/clubs/@santa-maria-picklers,"Games held in various venues within Santa Maria. Bring your own paddle and balls. Contact FB page to join. · quote: No court fees, just bring your paddle and balls."
ph-santa-maria-picklers-santa-maria-p3,ph-santa-maria-picklers-santa-maria,entry_fee,1st SMP Invitational Tournament Entry,250,PHP,sat,08:00,,,,walk_in,,,https://reclub.co/clubs/@santa-maria-picklers,"One-time past tournament event (Feb 7, ended). Reclub displayed as $250.00; legacy notes confirm ₱250. Check FB page for updated details. · quote: Per Player $250.00"
ph-sm-city-cabanatuan-pickleball-cabanatuan-p2,ph-sm-city-cabanatuan-pickleball-cabanatuan,free,Free open play,0,PHP,,,,,,,,,https://punto.com.ph/serve-smash-repeat-pickleball-now-at-sm-city-cabanatuan/,"Promotional free-play period as of September 2025. May transition to standard SM Active Hub rates (~₱250/head) in the future. Courts located at 2nd Level Garden Park, SM City Cabanatuan. · quote: For now, it's absolutely free to play—a perfect chance to try out one of the fastest-growing sports in the world without worrying about fees."
ph-solaire-sports-club-pickleball-paranaque-p2,ph-solaire-sports-club-pickleball-paranaque,court_hour,Pickleball court · Walk-in,1200,PHP,,,,60,,walk_in,,4,https://sec.solaireresort.com/experience/solaire-sports-club,"Good for up to 4 players. Up to 2 additional players at ₱200/person. ₱500 non-refundable reservation fee (discounted on visit). · quote: Walk-ins: PHP 1,200 per hour"
ph-solaire-sports-club-pickleball-paranaque-p3,ph-solaire-sports-club-pickleball-paranaque,court_hour,Pickleball court · In-house hotel guest,1000,PHP,,,,60,,in_house,,4,https://sec.solaireresort.com/experience/solaire-sports-club,"Good for up to 4 players. Up to 2 additional players at ₱200/person. ₱500 non-refundable reservation fee. · quote: In-house guests: PHP 1,000 per hour"
ph-solaire-sports-club-pickleball-paranaque-p4,ph-solaire-sports-club-pickleball-paranaque,membership,Solaire Sports Club annual membership,25000,PHP,,,,,,member,,,https://sec.solaireresort.com/experience/solaire-sports-club,"Includes complimentary racket/golf club rentals, Poolside access with up to 3 guests (₱1,000/guest day pass), one complimentary 1-hour coaching session, discounted court/golf suite rates. · quote: Membership is available for an annual fee of ₱25,000"
ph-sylvia-bf-homes-las-pinas-p2,ph-sylvia-bf-homes-las-pinas,session_per_player,Open Play · Per Player (4-hour session),150,PHP,,,,240,,walk_in,,12,https://reclub.co/clubs/@dink-and-drive-pickleball-club-alabang-las-pinas,Capped at 12 players per court for open events. Game balls and official nets sponsored by Tecniq Sports. Game height tripod available free of charge. Per-court reservation also available — call/text 09456535470. · quote: Cheap court fee 150 per head for 4 hours
ph-the-pickleball-club-ayala-malls-manila-bay-pasay-p1,ph-the-pickleball-club-ayala-malls-manila-bay-pasay,session_per_player,Friday Night Open Play,300,PHP,fri,21:00,24:00,180,,walk_in,20,,https://reclub.co/m/GOPXA5,"3 hours of open play across 3 courts. Minimum 20 players required for session to push through. Payment via GCash. All skill levels welcome. Organized by Palo Pilipinas community. · quote: Fee: 300 per head
Includes 3 hours of open play across 3 courts
* Minimum of 20 players required for the session to push through"
ph-the-pickleball-club-ayala-malls-manila-bay-pasay-p2,ph-the-pickleball-club-ayala-malls-manila-bay-pasay,session_per_player,Wednesday Night Open Play,300,PHP,wed,21:00,24:00,180,,walk_in,20,,https://reclub.co/m/GOPXA5,"Session schedule inferred from Palo Pilipinas upcoming activities (Wed @ 9:00 PM). Price assumed same as Friday sessions at ₱300/head; no separate rate explicitly stated for Wednesday. · quote: WED, MAY 20 @ 9:00 PM
Pickleball Open Play @ Ayala Malls Manila Bay"
ph-the-pickleball-club-ayala-malls-manila-bay-pasay-p3,ph-the-pickleball-club-ayala-malls-manila-bay-pasay,session_per_player,Saturday Evening Open Play,300,PHP,sat,18:00,22:00,240,,walk_in,,,https://reclub.co/m/GOPXA5,"4 hours, 3 courts, Indoor Sports Center. Duration from Facebook post (Aug 2 session); price assumed same as Friday sessions at ₱300/head — not separately quoted for Saturday. · quote: Sat, Aug 2 6:00 PM
Ayala Malls Manila Bay, Parañaque
4hours | 3 courts - Indoor Sports Center"
ph-the-pickleground-ph-cavite-p2,ph-the-pickleground-ph-cavite,session_per_player,Morning · Member,150,PHP,,07:00,12:00,,,member,,,https://www.facebook.com/ThePickleGroundPH/,quote: Morning (7AM–12NN) PHP 150 – Member
ph-the-pickleground-ph-cavite-p3,ph-the-pickleground-ph-cavite,session_per_player,Morning · Non-Member,180,PHP,,07:00,12:00,,,non_member,,,https://www.facebook.com/ThePickleGroundPH/,quote: PHP 180 – Non-Member
ph-the-pickleground-ph-cavite-p4,ph-the-pickleground-ph-cavite,session_per_player,Afternoon · Member,170,PHP,,12:00,18:00,,,member,,,https://www.facebook.com/ThePickleGroundPH/,quote: Afternoon (12NN–6PM) PHP 170 – Member
ph-the-pickleground-ph-cavite-p5,ph-the-pickleground-ph-cavite,session_per_player,Afternoon · Non-Member,200,PHP,,12:00,18:00,,,non_member,,,https://www.facebook.com/ThePickleGroundPH/,quote: PHP 200 – Non-Member
ph-the-pickleground-ph-cavite-p6,ph-the-pickleground-ph-cavite,session_per_player,Evening · Member,200,PHP,,18:00,24:00,,,member,,,https://www.facebook.com/ThePickleGroundPH/,quote: Evening (6PM–12MN) PHP 200 – Member
ph-the-pickleground-ph-cavite-p7,ph-the-pickleground-ph-cavite,session_per_player,Evening · Non-Member,250,PHP,,18:00,24:00,,,non_member,,,https://www.facebook.com/ThePickleGroundPH/,quote: PHP 250 – Non-Member
ph-the-smash-city-valenzuela-s-premier-pickleball-centre-valenzuela-p1,ph-the-smash-city-valenzuela-s-premier-pickleball-centre-valenzuela,court_hour,Private Court Booking – Off Peak (Weekday),350,PHP,mon|tue|wed|thu|fri,08:00,17:00,60,,,,,https://reclub.co/clubs/@the-smash-city-valenzuela,Exclusive use of court for group. Rate applies to weekday bookings 8AM–5PM. · quote: Private Court Booking - OFF Peak ... Rate applies to bookings from 8am to 5pm on weekdays. Php 350.00 / 60mins
ph-the-smash-city-valenzuela-s-premier-pickleball-centre-valenzuela-p2,ph-the-smash-city-valenzuela-s-premier-pickleball-centre-valenzuela,court_hour,Private Court Booking – Peak (Weekday Evening),400,PHP,mon|tue|wed|thu|fri,17:00,23:00,60,,,,,https://reclub.co/clubs/@the-smash-city-valenzuela,Exclusive use of court for group. Rate applies to bookings from 5pm to 11pm on weekdays. · quote: Private Court Booking - Peak ... Rate applies to bookings from 5pm to 11pm or weekends. Php 400.00 / 60mins
ph-the-smash-city-valenzuela-s-premier-pickleball-centre-valenzuela-p3,ph-the-smash-city-valenzuela-s-premier-pickleball-centre-valenzuela,court_hour,Private Court Booking – Peak (Weekend),400,PHP,sat|sun,,,60,,,,,https://reclub.co/clubs/@the-smash-city-valenzuela,Exclusive use of court for group. Peak rate applies all day on weekends. · quote: Private Court Booking - Peak ... Rate applies to bookings from 5pm to 11pm or weekends. Php 400.00 / 60mins
ph-the-smash-city-valenzuela-s-premier-pickleball-centre-valenzuela-p4,ph-the-smash-city-valenzuela-s-premier-pickleball-centre-valenzuela,session_per_player,Open Play – Off Peak (Morning),200,PHP,mon|tue|wed|thu|fri,08:00,12:00,,,walk_in,,,https://reclub.co/clubs/@the-smash-city-valenzuela,"Booked via Reclub app, scheduled one week in advance. Casual open play session. · quote: Open Plays - OFF Peak ... Rate applies to sessions from 8am to 12nn. Php 200.00 / session"
ph-the-smash-city-valenzuela-s-premier-pickleball-centre-valenzuela-p5,ph-the-smash-city-valenzuela-s-premier-pickleball-centre-valenzuela,session_per_player,Open Play – Peak (Weekend),250,PHP,sat|sun,,,,,walk_in,,,https://reclub.co/clubs/@the-smash-city-valenzuela,"Booked via Reclub app, scheduled one week in advance. Peak rate applies all day on weekends. · quote: Open Plays - Peak ... Rate applies to sessions during weekends. Php 250.00 / session"
ph-vensand-pickleball-hub-rodriguez-p2,ph-vensand-pickleball-hub-rodriguez,session_per_player,Open Play · AC (per head),250,PHP,,,,,,walk_in,,,https://reclub.co/m/QIRU7E (RRPC drills hosted at Vensand),Air-conditioned open play; rate sourced from legacy normaliser notes only — no verbatim quote recoverable from scraped pages · quote: ₱250/head AC OP
ph-vensand-pickleball-hub-rodriguez-p3,ph-vensand-pickleball-hub-rodriguez,session_per_player,Beginner Training (RRPC Drills),1000,PHP,mon,18:00,20:00,120,,walk_in,,,https://reclub.co/m/QIRU7E (RRPC drills hosted at Vensand),"Structured drills/lessons hosted by Rodriguez Rizal Pickleball Club (RRPC). Legacy notes also mention a Thu 8–10AM slot but not confirmed in scraped sources. Reclub UI displays $1,000.00 but all in-listing text confirms P1000 (PHP). · quote: Begginers Training Fee: P1000"
ph-vensand-pickleball-hub-rodriguez-p4,ph-vensand-pickleball-hub-rodriguez,entry_fee,Paddle Rental,50,PHP,,,,,,,,,https://reclub.co/m/QIRU7E (RRPC drills hosted at Vensand),Add-on rental fee on top of session fee · quote: Paddle Rental Fee: P50
ph-vensand-pickleball-hub-rodriguez-p5,ph-vensand-pickleball-hub-rodriguez,entry_fee,Ball Rental,20,PHP,,,,,,,,,https://reclub.co/m/QIRU7E (RRPC drills hosted at Vensand),From legacy normaliser notes only; no verbatim quote recoverable from scraped pages · quote: ball rental ₱20
ph-violago-compound-pickleball-meycauayan-p1,ph-violago-compound-pickleball-meycauayan,session_per_player,Daily Session · Per Player,100,PHP,,17:00,21:00,,,walk_in,,,https://www.pickleball.ph/uploads/1/2/5/9/125919777/places_to_play_09.01.25.pdf,"PDF lists as Indoor Court; venue metadata flags as outdoor — discrepancy noted. · quote: Violago Compound Calmalig Meycauayan NCR 1 Indoor Court Daily, 5p-9p p100/player"
ph-vital-mpact-gym-pickleball-cubao-quezon-city-p2,ph-vital-mpact-gym-pickleball-cubao-quezon-city,session_per_player,Thursday Open Play · Walk-in,250,PHP,thu,18:00,21:00,180,,walk_in,,,https://reclub.co/m/PSBNJL,1 indoor Taraflex court; beginner-friendly; paddle rental available for ₱100 extra; 1 extra paddle free to use; free parking; shower available; pay before play via GCash · quote: Per Player $250.00 … ✔️6PM-9PM (3 hrs) ✔️1 Indoor court (Taraflex)
